id,authorships.author.display_name,authorships.author.id,authorships.author.orcid,authorships.countries,authorships.institutions.display_name,authorships.institutions.id,authorships.is_corresponding,best_oa_location.license,cited_by_count,corresponding_institution_ids,display_name,doi,funders.display_name,fwci,ids.pmid,is_retracted,language,open_access.is_oa,open_access.oa_status,primary_location.source.display_name,primary_location.source.id,primary_location.source.issn_l,primary_location.source.type,primary_topic.display_name,publication_date,publication_year,type
https://openalex.org/W2070911198,Yanfang Ma|Jiuping Xu,https://openalex.org/A5100909062|https://openalex.org/A5100691507,|https://orcid.org/0000-0003-3756-3969,CN|CN,Sichuan University|Sichuan University|State Key Laboratory of Hydraulics and Mountain River Engineering,https://openalex.org/I24185976|https://openalex.org/I24185976|https://openalex.org/I4391767678,False|True,,24,https://openalex.org/I24185976|https://openalex.org/I4391767678,A cloud theory-based particle swarm optimization for multiple decision maker vehicle routing problems with fuzzy random time windows,https://doi.org/10.1080/0305215x.2014.928815,National Natural Science Foundation of China,6.53976771,,False,en,False,closed,Engineering Optimization,https://openalex.org/S139857051,0305-215X,journal,Vehicle Routing Optimization Methods,2014-06-30,2014,article
https://openalex.org/W2254975279,Yanfang Ma|Jiuping Xu,https://openalex.org/A5100909062|https://openalex.org/A5100691507,|https://orcid.org/0000-0003-3756-3969,|,,,True|False,,12,,Vehicle routing problem with multiple decision-makers for construction material transportation in a fuzzy random environment,,,2.97262168,,False,en,False,closed,,,,,Advanced Manufacturing and Logistics Optimization,2014-06-10,2014,article
https://openalex.org/W2062512894,Yannis Marinakis|Athanasios Migdalas|Pãnos M. Pardalos,https://openalex.org/A5058880006|https://openalex.org/A5011299350|https://openalex.org/A5050062467,https://orcid.org/0000-0002-1989-5815|https://orcid.org/0000-0001-8473-3663|https://orcid.org/0000-0001-9623-8053,GR|GR|US,Technical University of Crete|Technical University of Crete|University of Florida,https://openalex.org/I55741626|https://openalex.org/I55741626|https://openalex.org/I33213144,True|False|False,,87,https://openalex.org/I55741626,A new bilevel formulation for the vehicle routing problem and a solution method using a genetic algorithm,https://doi.org/10.1007/s10898-006-9094-0,,7.99290256,,False,en,False,closed,Journal of Global Optimization,https://openalex.org/S115925768,0925-5001,journal,Vehicle Routing Optimization Methods,2006-10-26,2006,article
https://openalex.org/W2974466578,Yu Yao|Xiaoning Zhu|Hongyu Dong|Shengnan Wu|Hailong Wu|Lu Tong|Xuesong Zhou,https://openalex.org/A5042458207|https://openalex.org/A5035291761|https://openalex.org/A5070778072|https://openalex.org/A5056217038|https://openalex.org/A5101486755|https://openalex.org/A5077039307|https://openalex.org/A5047902154,https://orcid.org/0000-0002-7686-3940|https://orcid.org/0000-0003-3947-4580|https://orcid.org/0000-0001-9591-7847|https://orcid.org/0000-0001-9193-6071|https://orcid.org/0009-0006-0997-4567|https://orcid.org/0000-0002-2574-9689|https://orcid.org/0000-0002-9963-5369,CN|CN|CN|CN|CN|CN|US,Beijing Jiaotong University|Beijing Jiaotong University|Jingdong (China)|Jingdong (China)|Jingdong (China)|Beihang University|Arizona State University,https://openalex.org/I21193070|https://openalex.org/I21193070|https://openalex.org/I4210103986|https://openalex.org/I4210103986|https://openalex.org/I4210103986|https://openalex.org/I82880672|https://openalex.org/I55732556,False|False|True|False|False|False|True,,118,https://openalex.org/I4210103986|https://openalex.org/I55732556,ADMM-based problem decomposition scheme for vehicle routing problem with time windows,https://doi.org/10.1016/j.trb.2019.09.009,National Science Foundation|National Natural Science Foundation of China|National Key Research and Development Program of China,8.34324038,,False,en,False,closed,Transportation Research Part B Methodological,https://openalex.org/S96305778,0191-2615,journal,Vehicle Routing Optimization Methods,2019-09-17,2019,article
https://openalex.org/W3135029437,Navid Akbarpour|Amirhossein Salehi-Amiri|Mostafa Hajiaghaei–Keshteli|Diego Oliva,https://openalex.org/A5062086912|https://openalex.org/A5052115613|https://openalex.org/A5089725678|https://openalex.org/A5056251028,|https://orcid.org/0000-0001-5980-8192|https://orcid.org/0000-0002-9988-2626|,MX|CA|MX|ES|MX,Tecnológico de Monterrey|École de Technologie Supérieure|Université du Québec à Montréal|Tecnológico de Monterrey|Universidad de Guadalajara|Universitat Oberta de Catalunya,https://openalex.org/I98461037|https://openalex.org/I9736820|https://openalex.org/I159129438|https://openalex.org/I98461037|https://openalex.org/I193181351|https://openalex.org/I138847295,True|False|False|False,,114,https://openalex.org/I98461037,An innovative waste management system in a smart city under stochastic optimization using vehicle routing problem,https://doi.org/10.1007/s00500-021-05669-6,,12.66555162,,False,en,False,closed,Soft Computing,https://openalex.org/S65753830,1432-7643,journal,Municipal Solid Waste Management,2021-03-05,2021,article
https://openalex.org/W2964487007,Alexandra Anderluh|Pamela C. Nolz|Vera Hemmelmayr|Teodor Gabriel Crainic,https://openalex.org/A5046351276|https://openalex.org/A5026797750|https://openalex.org/A5003516995|https://openalex.org/A5041183626,https://orcid.org/0000-0001-7337-0799|https://orcid.org/0000-0002-1169-6248|https://orcid.org/0000-0002-6086-1019|https://orcid.org/0000-0002-4424-0984,AT||AT|CA,"Bundesministerium für Klimaschutz, Umwelt, Energie, Mobilität, Innovation und Technologie||Bundesministerium für Klimaschutz, Umwelt, Energie, Mobilität, Innovation und Technologie|Université du Québec à Montréal|Université de Montréal",https://openalex.org/I1317784204||https://openalex.org/I1317784204|https://openalex.org/I159129438|https://openalex.org/I70931966,True|False|False|False,cc-by,140,https://openalex.org/I1317784204,Multi-objective optimization of a two-echelon vehicle routing problem with vehicle synchronization and ‘grey zone’ customers arising in urban logistics,https://doi.org/10.1016/j.ejor.2019.07.049,Österreichische Forschungsförderungsgesellschaft|Natural Sciences and Engineering Research Council of Canada,10.97794787,,False,en,True,hybrid,European Journal of Operational Research,https://openalex.org/S103321696,0377-2217,journal,Vehicle Routing Optimization Methods,2019-07-28,2019,article
https://openalex.org/W2530665380,Mohammadbagher Afshar-Bakeshloo|Ali D. Mehrabi|Hossein Safari|Meysam Maleki|Fariborz Jolai,https://openalex.org/A5060592862|https://openalex.org/A5071239120|https://openalex.org/A5050984581|https://openalex.org/A5036442203|https://openalex.org/A5019047127,https://orcid.org/0000-0002-7783-6477||https://orcid.org/0000-0001-9232-1319|https://orcid.org/0000-0002-1111-0358|https://orcid.org/0000-0003-0824-8513,IR|IR|IR|PT|IR,University of Tehran|Shahid Chamran University of Ahvaz|University of Tehran|Universidade Nova de Lisboa|University of Tehran,https://openalex.org/I23946033|https://openalex.org/I196051555|https://openalex.org/I23946033|https://openalex.org/I83558840|https://openalex.org/I23946033,True|False|False|False|False,cc-by,67,https://openalex.org/I23946033,A green vehicle routing problem with customer satisfaction criteria,https://doi.org/10.1007/s40092-016-0163-9,,6.26137388,,False,en,True,diamond,Journal of industrial engineering international,https://openalex.org/S2764809327,1735-5702,journal,Vehicle Routing Optimization Methods,2016-08-09,2016,article
https://openalex.org/W1983258309,Ángel A. Juan|Javier Faulín|Rubén Ruíz|Barry B. Barrios|Santi Caballé,https://openalex.org/A5080136207|https://openalex.org/A5022916875|https://openalex.org/A5027802981|https://openalex.org/A5078457630|https://openalex.org/A5034290489,https://orcid.org/0000-0003-1392-1776|https://orcid.org/0000-0002-2613-6155|https://orcid.org/0000-0003-3295-3888||https://orcid.org/0000-0002-2490-6830,ES|ES|ES|ES|ES,Universitat Oberta de Catalunya|Universidad Publica de Navarra|Universitat Politècnica de València|Universidad Publica de Navarra|Universitat Oberta de Catalunya,https://openalex.org/I138847295|https://openalex.org/I175051016|https://openalex.org/I60053951|https://openalex.org/I175051016|https://openalex.org/I138847295,True|False|False|False|False,,102,https://openalex.org/I138847295,The SR-GCWS hybrid algorithm for solving the capacitated vehicle routing problem,https://doi.org/10.1016/j.asoc.2009.07.003,,17.28051222,,False,en,False,closed,Applied Soft Computing,https://openalex.org/S140556538,1568-4946,journal,Vehicle Routing Optimization Methods,2009-07-12,2009,article
https://openalex.org/W2795297732,Saeed Fazayeli|Alireza Eydi|Isa Nakhai Kamalabadi,https://openalex.org/A5064610735|https://openalex.org/A5067178270|https://openalex.org/A5057164324,|https://orcid.org/0000-0002-7432-0520|https://orcid.org/0000-0002-6793-5578,IR|IR|IR,University of Kurdistan|University of Kurdistan|University of Kurdistan,https://openalex.org/I3124704065|https://openalex.org/I3124704065|https://openalex.org/I3124704065,False|True|False,,153,https://openalex.org/I3124704065,Location-routing problem in multimodal transportation network with time windows and fuzzy demands: Presenting a two-part genetic algorithm,https://doi.org/10.1016/j.cie.2018.03.041,,12.41601532,,False,en,False,closed,Computers & Industrial Engineering,https://openalex.org/S196821226,0360-8352,journal,Urban and Freight Transport Logistics,2018-03-28,2018,article
https://openalex.org/W2911140216,Yanfang Ma|Zongmin Li|Fang Yan|Cuiying Feng,https://openalex.org/A5101777905|https://openalex.org/A5101919176|https://openalex.org/A5101650062|https://openalex.org/A5103110436,https://orcid.org/0000-0002-3095-5436|https://orcid.org/0000-0002-6000-0171||https://orcid.org/0000-0003-0395-3053,CN|CN|CN|CN,Hebei University of Technology|Sichuan University|Chongqing Jiaotong University|Zhejiang University of Technology,https://openalex.org/I184843921|https://openalex.org/I24185976|https://openalex.org/I63371133|https://openalex.org/I55712492,False|False|True|False,,30,https://openalex.org/I63371133,A hybrid priority-based genetic algorithm for simultaneous pickup and delivery problems in reverse logistics with time windows and multiple decision-makers,https://doi.org/10.1007/s00500-019-03754-5,National Natural Science Foundation of China|China Postdoctoral Science Foundation,3.51294332,,False,en,False,closed,Soft Computing,https://openalex.org/S65753830,1432-7643,journal,Vehicle Routing Optimization Methods,2019-01-09,2019,article
https://openalex.org/W4367669861,Peter Dieter|Matthew Caron|Guido Schryen,https://openalex.org/A5071113324|https://openalex.org/A5082172530|https://openalex.org/A5075930949,https://orcid.org/0000-0003-0278-8068|https://orcid.org/0000-0001-7521-5434|https://orcid.org/0000-0003-3794-1413,DE|DE|DE,Paderborn University|Paderborn University|Paderborn University,https://openalex.org/I206945453|https://openalex.org/I206945453|https://openalex.org/I206945453,True|False|False,,51,https://openalex.org/I206945453,Integrating driver behavior into last-mile delivery routing: Combining machine learning and optimization in a hybrid decision support framework,https://doi.org/10.1016/j.ejor.2023.04.043,,14.27568635,,False,en,False,closed,European Journal of Operational Research,https://openalex.org/S103321696,0377-2217,journal,Vehicle Routing Optimization Methods,2023-05-02,2023,article
https://openalex.org/W4321460198,Afsane Amiri|Hossein Zolfagharinia|Saman Hassanzadeh Amin,https://openalex.org/A5055406651|https://openalex.org/A5049604535|https://openalex.org/A5039071820,|https://orcid.org/0000-0001-6403-0645|https://orcid.org/0000-0001-6173-7530,CA|CA|CA,Toronto Metropolitan University|Toronto Metropolitan University|Toronto Metropolitan University,https://openalex.org/I530967|https://openalex.org/I530967|https://openalex.org/I530967,False|False|True,,31,https://openalex.org/I530967,A robust multi-objective routing problem for heavy-duty electric trucks with uncertain energy consumption,https://doi.org/10.1016/j.cie.2023.109108,Natural Sciences and Engineering Research Council of Canada,8.85092554,,False,en,False,closed,Computers & Industrial Engineering,https://openalex.org/S196821226,0360-8352,journal,Vehicle Routing Optimization Methods,2023-02-21,2023,article
https://openalex.org/W2743047817,Seyed Parsa Parvasi|Mehdi Mahmoodjanloo|Mostafa Setak,https://openalex.org/A5090825025|https://openalex.org/A5080779448|https://openalex.org/A5013676317,https://orcid.org/0000-0003-1442-4958|https://orcid.org/0000-0003-0928-5834|https://orcid.org/0000-0003-4038-9498,IR|IR|IR,K.N.Toosi University of Technology|University of Science and Technology of Mazandaran|K.N.Toosi University of Technology,https://openalex.org/I80543232|https://openalex.org/I4210139126|https://openalex.org/I80543232,False|True|False,,67,https://openalex.org/I4210139126,A bi-level school bus routing problem with bus stops selection and possibility of demand outsourcing,https://doi.org/10.1016/j.asoc.2017.08.018,,9.0868881,,False,en,False,closed,Applied Soft Computing,https://openalex.org/S140556538,1568-4946,journal,Vehicle Routing Optimization Methods,2017-08-12,2017,article
https://openalex.org/W2810073955,Yan Sun|Martin Hrušovský|Chen Zhang|Maoxiang Lang,https://openalex.org/A5087344137|https://openalex.org/A5001960531|https://openalex.org/A5111957985|https://openalex.org/A5072662045,https://orcid.org/0000-0002-4704-5578|https://orcid.org/0000-0003-2783-5924|https://orcid.org/0009-0006-8685-5588|https://orcid.org/0000-0002-3522-4085,CN|AT|SE|CN,Shandong University of Finance and Economics|Vienna University of Economics and Business|KTH Royal Institute of Technology|Beijing Jiaotong University,https://openalex.org/I59483232|https://openalex.org/I102248843|https://openalex.org/I86987016|https://openalex.org/I21193070,True|False|False|False,cc-by,79,https://openalex.org/I59483232,A Time‐Dependent Fuzzy Programming Approach for the Green Multimodal Routing Problem with Rail Service Capacity Uncertainty and Road Traffic Congestion,https://doi.org/10.1155/2018/8645793,"National Natural Science Foundation of China|Bundesministerium für Wissenschaft, Forschung und Wirtschaft|Natural Science Foundation of Shandong Province",11.60126316,,False,en,True,gold,Complexity,https://openalex.org/S207319443,1076-2787,journal,Vehicle Routing Optimization Methods,2018-01-01,2018,article
https://openalex.org/W2317727067,Lei Xu|Ziqi Wang|Mengxiang Zhang|Yan Tu,https://openalex.org/A5084553698|https://openalex.org/A5100438232|https://openalex.org/A5101436058|https://openalex.org/A5066342865,https://orcid.org/0000-0002-3556-8873|https://orcid.org/0000-0001-5420-0145|https://orcid.org/0000-0003-1139-9478|https://orcid.org/0000-0003-4684-1799,CN|CN|CN|CN,Sichuan University|Sichuan University|Sichuan University|Wuhan University of Technology,https://openalex.org/I24185976|https://openalex.org/I24185976|https://openalex.org/I24185976|https://openalex.org/I196699116,True|False|False|False,,39,https://openalex.org/I24185976,A new model for a 72-h post-earthquake emergency logistics location-routing problem under a random fuzzy environment,https://doi.org/10.1080/19427867.2015.1126064,,3.07976927,,False,en,False,closed,Transportation Letters,https://openalex.org/S70779598,1942-7867,journal,Facility Location and Emergency Management,2016-01-25,2016,article
https://openalex.org/W43999335,Brigitte Werners|Michael Drawe,https://openalex.org/A5073363112|https://openalex.org/A5021328730,https://orcid.org/0000-0001-7684-9279|,DE|DE,Ruhr University Bochum|Ruhr University Bochum,https://openalex.org/I904495901|https://openalex.org/I904495901,True|False,,18,https://openalex.org/I904495901,Capacitated Vehicle Routing Problem with Fuzzy Demand,https://doi.org/10.1007/978-3-540-36461-0_21,,0.0,,False,en,False,closed,Studies in fuzziness and soft computing,https://openalex.org/S4210229206,1434-9922,book series,Vehicle Routing Optimization Methods,2003-01-01,2003,book-chapter
https://openalex.org/W2047175837,Nihat Engin Toklu|Roberto Montemanni|Luca Maria Gambardella,https://openalex.org/A5082834046|https://openalex.org/A5017492288|https://openalex.org/A5109533956,|https://orcid.org/0000-0002-0229-0465|https://orcid.org/0009-0004-2555-1762,CH|CH|CH,Dalle Molle Institute for Artificial Intelligence Research|University of Applied Sciences and Arts of Southern Switzerland|University of Applied Sciences and Arts of Southern Switzerland|Dalle Molle Institute for Artificial Intelligence Research|University of Applied Sciences and Arts of Southern Switzerland|Dalle Molle Institute for Artificial Intelligence Research,https://openalex.org/I2614128279|https://openalex.org/I15196421|https://openalex.org/I15196421|https://openalex.org/I2614128279|https://openalex.org/I15196421|https://openalex.org/I2614128279,True|False|False,cc-by,12,https://openalex.org/I15196421|https://openalex.org/I2614128279,A Robust Multiple Ant Colony System for the Capacitated Vehicle Routing Problem,https://doi.org/10.1109/smc.2013.322,Schweizerischer Nationalfonds zur Förderung der Wissenschaftlichen Forschung,3.9928017,,False,en,True,green,,,,,Vehicle Routing Optimization Methods,2013-10-01,2013,article
https://openalex.org/W4393902859,Dan Han|Hao Jiang|Lifang Wang|Xinyu Zhu|Yaqing Chen|Qizhou Yu,https://openalex.org/A5102157324|https://openalex.org/A5046134232|https://openalex.org/A5100332300|https://openalex.org/A5114549804|https://openalex.org/A5000935096|https://openalex.org/A5103277728,|https://orcid.org/0000-0002-4520-0394|https://orcid.org/0000-0001-6835-8285|https://orcid.org/0009-0003-5767-1120|https://orcid.org/0000-0003-4154-0540|https://orcid.org/0009-0004-2507-4521,CN|CN|CN|CN|CN|CN,Civil Aviation Flight University of China|University of Chinese Academy of Sciences|Institute of Electrical Engineering|Chinese Academy of Sciences|Civil Aviation Flight University of China|Chinese Academy of Sciences|Institute of Electrical Engineering|Civil Aviation Flight University of China|Civil Aviation Flight University of China|Civil Aviation Administration of China|Civil Aviation Administration of China|Civil Aviation Flight University of China,https://openalex.org/I58995867|https://openalex.org/I4210165038|https://openalex.org/I4210128819|https://openalex.org/I19820366|https://openalex.org/I58995867|https://openalex.org/I19820366|https://openalex.org/I4210128819|https://openalex.org/I58995867|https://openalex.org/I58995867|https://openalex.org/I1299457549|https://openalex.org/I1299457549|https://openalex.org/I58995867,False|True|False|False|False|False,cc-by,22,https://openalex.org/I58995867,Collaborative Task Allocation and Optimization Solution for Unmanned Aerial Vehicles in Search and Rescue,https://doi.org/10.3390/drones8040138,,11.66346631,,False,en,True,gold,Drones,https://openalex.org/S4210193350,2504-446X,journal,Robotic Path Planning Algorithms,2024-04-03,2024,article
https://openalex.org/W3046142449,Yan Sun,https://openalex.org/A5087344137,https://orcid.org/0000-0002-4704-5578,CN,Shandong University of Finance and Economics,https://openalex.org/I59483232,True,,46,https://openalex.org/I59483232,Fuzzy Approaches and Simulation-Based Reliability Modeling to Solve a Road–Rail Intermodal Routing Problem with Soft Delivery Time Windows When Demand and Capacity are Uncertain,https://doi.org/10.1007/s40815-020-00905-x,Natural Science Foundation of Shandong Province,7.03209473,,False,en,False,closed,International Journal of Fuzzy Systems,https://openalex.org/S18792341,1562-2479,journal,Transportation Planning and Optimization,2020-07-28,2020,article
https://openalex.org/W2790017000,Yong Wang|Kevin Assogba|Yong Liu|Xiaolei Ma|Maozeng Xu|Yinhai Wang,https://openalex.org/A5033443211|https://openalex.org/A5017256448|https://openalex.org/A5100724294|https://openalex.org/A5045699018|https://openalex.org/A5100416692|https://openalex.org/A5012268687,https://orcid.org/0000-0001-7511-8888|https://orcid.org/0000-0002-0377-4576|https://orcid.org/0000-0002-9766-6153|https://orcid.org/0000-0002-3841-5792|https://orcid.org/0000-0003-2231-4222|https://orcid.org/0000-0002-4180-5628,CN|CN|CN|CN|CN|CN|US,University of Electronic Science and Technology of China|Chongqing Jiaotong University|Chongqing Jiaotong University|Chongqing Jiaotong University|Beihang University|Chongqing Jiaotong University|University of Washington|Tongji University,https://openalex.org/I150229711|https://openalex.org/I63371133|https://openalex.org/I63371133|https://openalex.org/I63371133|https://openalex.org/I82880672|https://openalex.org/I63371133|https://openalex.org/I201448701|https://openalex.org/I116953780,True|True|False|False|False|False,,125,https://openalex.org/I150229711|https://openalex.org/I63371133,Two-echelon location-routing optimization with time windows based on customer clustering,https://doi.org/10.1016/j.eswa.2018.03.018,National Natural Science Foundation of China|China Postdoctoral Science Foundation|Chongqing Municipal Education Commission,16.53797089,,False,en,False,closed,Expert Systems with Applications,https://openalex.org/S13144211,0957-4174,journal,Vehicle Routing Optimization Methods,2018-03-18,2018,article
https://openalex.org/W3031416784,Mir Ehsan Hesam Sadati|Deniz Aksen|Necati Aras,https://openalex.org/A5073362191|https://openalex.org/A5042230827|https://openalex.org/A5019313653,https://orcid.org/0000-0001-6106-4903|https://orcid.org/0000-0003-1734-2042|https://orcid.org/0000-0002-1485-730X,TR|TR|TR,Sabancı Üniversitesi|Koç University|Boğaziçi University,https://openalex.org/I134235054|https://openalex.org/I1351752|https://openalex.org/I4405392,False|True|False,,35,https://openalex.org/I1351752,A trilevel r-interdiction selective multi-depot vehicle routing problem with depot protection,https://doi.org/10.1016/j.cor.2020.104996,,4.67036623,https://pubmed.ncbi.nlm.nih.gov/32834370,False,en,True,bronze,Computers & Operations Research,https://openalex.org/S173256270,0305-0548,journal,Facility Location and Emergency Management,2020-05-25,2020,article
https://openalex.org/W3015568533,Rapeepan Pitakaso|Kanchana Sethanan|Thitipong Jamrus,https://openalex.org/A5053637817|https://openalex.org/A5072294176|https://openalex.org/A5086930554,https://orcid.org/0000-0002-5896-4895|https://orcid.org/0000-0002-3340-2538|https://orcid.org/0000-0001-7636-6728,|TH|TH,|Khon Kaen University|Khon Kaen University,|https://openalex.org/I179193067|https://openalex.org/I179193067,False|True|False,,31,https://openalex.org/I179193067,Hybrid PSO and ALNS algorithm for software and mobile application for transportation in ice manufacturing industry 3.5,https://doi.org/10.1016/j.cie.2020.106461,Khon Kaen University,3.64276362,,False,en,False,closed,Computers & Industrial Engineering,https://openalex.org/S196821226,0360-8352,journal,Vehicle Routing Optimization Methods,2020-04-08,2020,article
https://openalex.org/W3204413990,Yi-Lin Tsai|Chetanya Rastogi|Peter K. Kitanidis|Christopher B. Field,https://openalex.org/A5087093887|https://openalex.org/A5074394038|https://openalex.org/A5077217744|https://openalex.org/A5016455866,https://orcid.org/0000-0002-6698-3762||https://orcid.org/0000-0001-8113-9968|https://orcid.org/0000-0002-1684-8247,US|US|US|US,Stanford University|Stanford University|Stanford University|Palo Alto Institute|Palo Alto Institute|Stanford University,https://openalex.org/I97018004|https://openalex.org/I97018004|https://openalex.org/I97018004|https://openalex.org/I4210124598|https://openalex.org/I4210124598|https://openalex.org/I97018004,True|False|False|False,cc-by,15,https://openalex.org/I97018004,Routing algorithms as tools for integrating social distancing with emergency evacuation,https://doi.org/10.1038/s41598-021-98643-z,U.S. Department of Homeland Security|Stanford Woods Institute for the Environment,1.89961097,https://pubmed.ncbi.nlm.nih.gov/34608178,False,en,True,gold,Scientific Reports,https://openalex.org/S196734849,2045-2322,journal,Evacuation and Crowd Dynamics,2021-10-04,2021,article
https://openalex.org/W3006806717,Yan Sun,https://openalex.org/A5087344137,https://orcid.org/0000-0002-4704-5578,CN,Shandong University of Finance and Economics,https://openalex.org/I59483232,True,cc-by,41,https://openalex.org/I59483232,Green and Reliable Freight Routing Problem in the Road-Rail Intermodal Transportation Network with Uncertain Parameters: A Fuzzy Goal Programming Approach,https://doi.org/10.1155/2020/7570686,National Natural Science Foundation of China|Ministry of Education of the People's Republic of China|Kungliga Tekniska Högskolan|Natural Science Foundation of Shandong Province,3.51715087,,False,en,True,gold,Journal of Advanced Transportation,https://openalex.org/S75054922,0197-6729,journal,Optimization and Mathematical Programming,2020-02-19,2020,article
https://openalex.org/W4313200849,Yamen Habib|Andrey Filchenkov,https://openalex.org/A5017766523|https://openalex.org/A5112028318,https://orcid.org/0009-0009-1706-0687|,RU|RU,ITMO University|ITMO University,https://openalex.org/I173089394|https://openalex.org/I173089394,False|True,cc-by,9,https://openalex.org/I173089394,Multi-Agent Reinforcement Learning For Multi Vehicles One-commodity Vehicle Routing Problem,https://doi.org/10.1016/j.procs.2022.11.026,Russian Science Foundation,1.10994625,,False,en,True,diamond,Procedia Computer Science,https://openalex.org/S120348307,1877-0509,journal,Vehicle Routing Optimization Methods,2022-01-01,2022,article
https://openalex.org/W4229374578,Tao Yang|Weixin Wang|Qiqi Wu,https://openalex.org/A5005060255|https://openalex.org/A5101468244|https://openalex.org/A5082346621,https://orcid.org/0000-0002-2100-1390|https://orcid.org/0000-0001-9008-9990|,CN|CN|CN,Chongqing University of Education|Sichuan International Studies University|Sichuan International Studies University,https://openalex.org/I4210116144|https://openalex.org/I319874951|https://openalex.org/I319874951,False|True|False,cc-by,14,https://openalex.org/I319874951,Fuzzy Demand Vehicle Routing Problem with Soft Time Windows,https://doi.org/10.3390/su14095658,,2.06132875,,False,en,True,gold,Sustainability,https://openalex.org/S10134376,2071-1050,journal,Vehicle Routing Optimization Methods,2022-05-07,2022,article
https://openalex.org/W3087687019,Sara Hatami|Majid Eskandarpour|Manuel Chica|Ángel A. Juan|Djamila Ouelhadj,https://openalex.org/A5019021220|https://openalex.org/A5062218185|https://openalex.org/A5059781225|https://openalex.org/A5080136207|https://openalex.org/A5068324912,https://orcid.org/0000-0002-8000-4989|https://orcid.org/0000-0002-9310-0857|https://orcid.org/0000-0002-4717-1056|https://orcid.org/0000-0003-1392-1776|https://orcid.org/0000-0001-9866-1402,ES|||ES|,Universitat Oberta de Catalunya|||Universitat Oberta de Catalunya|,https://openalex.org/I138847295|||https://openalex.org/I138847295|,True|False|False|False|False,,12,https://openalex.org/I138847295,Green hybrid fleets using electric vehicles: solving the heterogeneous vehicle routing problem with multiple driving ranges and loading capacities,https://doi.org/10.2436/20.8080.02.98,European Regional Development Fund|Agencia Estatal de Investigación|CHIST-ERA,1.45710545,,False,en,True,green,QRU Quaderns de Recerca en Urbanisme,https://openalex.org/S4210207057,2014-9689,journal,Vehicle Routing Optimization Methods,2020-06-01,2020,article
https://openalex.org/W4388948429,Günther Hüsselmann|Jan H. van Vuuren|S.J. Andersen,https://openalex.org/A5062520456|https://openalex.org/A5044407915|https://openalex.org/A5010878484,https://orcid.org/0000-0001-6711-8546|https://orcid.org/0000-0003-4757-5832|,ZA|ZA|ZA,Stellenbosch University|Stellenbosch University|Stellenbosch University,https://openalex.org/I26092322|https://openalex.org/I26092322|https://openalex.org/I26092322,True|False|False,cc-by,14,https://openalex.org/I26092322,An improved solution methodology for the urban transit routing problem,https://doi.org/10.1016/j.cor.2023.106481,,6.87278988,,False,en,True,hybrid,Computers & Operations Research,https://openalex.org/S173256270,0305-0548,journal,Transportation Planning and Optimization,2023-11-23,2023,article
https://openalex.org/W2943238378,Yan Sun|Xinya Li|Xia Liang|Cevin Zhang,https://openalex.org/A5087344137|https://openalex.org/A5101865296|https://openalex.org/A5042222287|https://openalex.org/A5112433524,https://orcid.org/0000-0002-4704-5578|https://orcid.org/0000-0002-6464-5196|https://orcid.org/0000-0001-6252-2195|,CN||CN|SE,Shandong University of Finance and Economics||Shandong University of Finance and Economics|KTH Royal Institute of Technology,https://openalex.org/I59483232||https://openalex.org/I59483232|https://openalex.org/I86987016,True|False|True|False,cc-by,39,https://openalex.org/I59483232,A Bi-Objective Fuzzy Credibilistic Chance-Constrained Programming Approach for the Hazardous Materials Road-Rail Multimodal Routing Problem under Uncertainty and Sustainability,https://doi.org/10.3390/su11092577,National Natural Science Foundation of China,4.24547663,,False,en,True,gold,Sustainability,https://openalex.org/S10134376,2071-1050,journal,Risk and Safety Analysis,2019-05-04,2019,article
https://openalex.org/W3102085355,Xuping Wang|Na Lin|Ya Li|Yan Shi|Junhu Ruan,https://openalex.org/A5101778644|https://openalex.org/A5075192552|https://openalex.org/A5100343657|https://openalex.org/A5101767603|https://openalex.org/A5001813853,https://orcid.org/0000-0003-2909-4007|https://orcid.org/0000-0002-7626-5406|https://orcid.org/0000-0002-3351-7909|https://orcid.org/0000-0002-5297-9017|https://orcid.org/0000-0001-7166-0522,CN|CN|CN|JP|CN,Dalian University of Technology|Dalian University of Technology|Dalian University of Technology|Kyushu Tokai University|Northwest A&F University,https://openalex.org/I27357992|https://openalex.org/I27357992|https://openalex.org/I27357992|https://openalex.org/I97663771|https://openalex.org/I89652312,False|True|False|False|True,,17,https://openalex.org/I27357992|https://openalex.org/I89652312,An integrated modeling method for collaborative vehicle routing: Facilitating the unmanned micro warehouse pattern in new retail,https://doi.org/10.1016/j.eswa.2020.114307,National Natural Science Foundation of China|Ministry of Science and Technology of the People's Republic of China,2.00351999,,False,en,False,closed,Expert Systems with Applications,https://openalex.org/S13144211,0957-4174,journal,Vehicle Routing Optimization Methods,2020-11-18,2020,article
https://openalex.org/W2968538501,Yan Sun|Xinya Li,https://openalex.org/A5087344137|https://openalex.org/A5101865296,https://orcid.org/0000-0002-4704-5578|https://orcid.org/0000-0002-6464-5196,CN|,Shandong University of Finance and Economics|,https://openalex.org/I59483232|,True|False,cc-by,31,https://openalex.org/I59483232,Fuzzy Programming Approaches for Modeling a Customer-Centred Freight Routing Problem in the Road-Rail Intermodal Hub-and-Spoke Network with Fuzzy Soft Time Windows and Multiple Sources of Time Uncertainty,https://doi.org/10.3390/math7080739,,4.85771876,,False,en,True,gold,Mathematics,https://openalex.org/S4210192031,2227-7390,journal,Transportation Planning and Optimization,2019-08-12,2019,article
https://openalex.org/W2011234500,Nagesh Kadaba|Kendall E. Nygard|Paul Juell,https://openalex.org/A5065753140|https://openalex.org/A5046205221|https://openalex.org/A5050013228,||,US|US|US,United Parcel Service (United States)|North Dakota State University|North Dakota State University,https://openalex.org/I1296747019|https://openalex.org/I57328836|https://openalex.org/I57328836,True|False|False,,29,https://openalex.org/I1296747019,Integration of adaptive machine learning and knowledge-based systems for routing and scheduling applications,https://doi.org/10.1016/0957-4174(91)90131-w,,2.17346153,,False,en,False,closed,Expert Systems with Applications,https://openalex.org/S13144211,0957-4174,journal,Vehicle Routing Optimization Methods,1991-01-01,1991,article
https://openalex.org/W4391051806,Mirko Cavecchia|Thiago Alves de Queiroz|Manuel Iori|Riccardo Lancellotti|Giorgio Zucchi,https://openalex.org/A5018391075|https://openalex.org/A5037484451|https://openalex.org/A5088224363|https://openalex.org/A5088261843|https://openalex.org/A5033043612,https://orcid.org/0000-0002-4129-9876|https://orcid.org/0000-0003-2674-3366|https://orcid.org/0000-0003-2097-6572|https://orcid.org/0000-0002-9470-8784|https://orcid.org/0000-0002-5459-7290,IT|BR|IT|IT|,University of Modena and Reggio Emilia|Universidade Federal de Catalão|University of Modena and Reggio Emilia|Ferrari (Italy)|University of Modena and Reggio Emilia|,https://openalex.org/I122346577|https://openalex.org/I4387156084|https://openalex.org/I122346577|https://openalex.org/I4210161797|https://openalex.org/I122346577|,True|False|False|False|False,cc-by,6,https://openalex.org/I122346577,An Optimization-Based Decision Support System for Multi-trip Vehicle Routing Problems,https://doi.org/10.1007/s42979-023-02540-3,Conselho Nacional de Desenvolvimento Científico e Tecnológico|Fundação de Amparo à Pesquisa do Estado de Goiás,4.08625098,,False,en,True,green,SN Computer Science,https://openalex.org/S4210174798,2661-8907,journal,Vehicle Routing Optimization Methods,2024-01-20,2024,article
https://openalex.org/W2925986526,Bekir Şahin,https://openalex.org/A5045021460,https://orcid.org/0000-0003-2687-3419,TR,Karadeniz Technical University,https://openalex.org/I162720556,True,cc-by-nc,20,https://openalex.org/I162720556,Route Prioritization by using Fuzzy Analytic Hierarchy Process extended Dijkstra Algorithm,https://doi.org/10.5505/jems.2019.39306,,2.62688146,,False,en,True,diamond,Journal of ETA Maritime Science,https://openalex.org/S2738395297,2147-2955,journal,Data Management and Algorithms,2019-01-01,2019,article
https://openalex.org/W3196786687,Mahdieh Masoumi|Amir Aghsami|Mohammad Alipour‐Vaezi|Fariborz Jolai|Behdad Esmailifar,https://openalex.org/A5018193646|https://openalex.org/A5033218613|https://openalex.org/A5020993201|https://openalex.org/A5019047127|https://openalex.org/A5049982700,https://orcid.org/0000-0002-6621-8526|https://orcid.org/0000-0003-0175-2979|https://orcid.org/0000-0002-7529-1848|https://orcid.org/0000-0003-0824-8513|,IR|IR|IR|IR|IR,University of Tehran|University of Tehran|University of Tehran|University of Tehran|University of Tehran,https://openalex.org/I23946033|https://openalex.org/I23946033|https://openalex.org/I23946033|https://openalex.org/I23946033|https://openalex.org/I23946033,True|False|False|False|False,cc-by,30,https://openalex.org/I23946033,An M/M/C/K queueing system in an inventory routing problem considering congestion and response time for post-disaster humanitarian relief: a case study,https://doi.org/10.1108/jhlscm-12-2020-0119,,6.24991618,,False,en,True,green,Journal of Humanitarian Logistics and Supply Chain Management,https://openalex.org/S4210172729,2042-6747,journal,Facility Location and Emergency Management,2021-08-30,2021,article
https://openalex.org/W2019946358,Ying-Yen Chen,https://openalex.org/A5084399586,,TW,Toko University,https://openalex.org/I128514506,True,cc-by-nc-nd,7,https://openalex.org/I128514506,Fuzzy Flexible Delivery and Pickup Problem with Time Windows,https://doi.org/10.1016/j.procs.2013.05.049,National Science Council,3.32733475,,False,en,True,diamond,Procedia Computer Science,https://openalex.org/S120348307,1877-0509,journal,Vehicle Routing Optimization Methods,2013-01-01,2013,article
https://openalex.org/W2282985644,Mudita Upmanyu|Ratnesh R. Saxena,https://openalex.org/A5064833569|https://openalex.org/A5025991329,|https://orcid.org/0000-0001-9622-0814,IN|IN,University of Delhi|Deen Dayal Upadhyay Hospital|University of Delhi,https://openalex.org/I110166357|https://openalex.org/I4210095530|https://openalex.org/I110166357,True|False,,10,https://openalex.org/I110166357,On solving a multiobjective fixed charge problem with imprecise fractional objectives,https://doi.org/10.1016/j.asoc.2015.10.008,"Council of Scientific and Industrial Research, India",0.31660115,,False,en,False,closed,Applied Soft Computing,https://openalex.org/S140556538,1568-4946,journal,Optimization and Mathematical Programming,2015-11-22,2015,article
https://openalex.org/W4281806778,Gülçin Dinç Yalçın|Nihal Erginel,https://openalex.org/A5019174427|https://openalex.org/A5074956923,https://orcid.org/0000-0001-7696-7507|https://orcid.org/0000-0001-6231-9904,TR|TR,Eskisehir Technical University|Eskisehir Technical University,https://openalex.org/I4210091955|https://openalex.org/I4210091955,True|False,,3,https://openalex.org/I4210091955,Adapted Fuzzy Multi-Objective Programming Algorithm for Vehicle Routing,https://doi.org/10.37256/ujom.1120221144,,0.47569125,,False,en,False,closed,Universal Journal of Operations and Management,https://openalex.org/S4387280832,2810-9864,journal,Vehicle Routing Optimization Methods,2022-01-20,2022,article
https://openalex.org/W4386575393,Fahim Ahmed|Nathan Huynh|William G. Ferrell|Vishal Badyal|Bhavya Padmanabhan,https://openalex.org/A5084168891|https://openalex.org/A5002142248|https://openalex.org/A5009174233|https://openalex.org/A5033799236|https://openalex.org/A5060836300,https://orcid.org/0000-0001-8747-3844|https://orcid.org/0000-0002-4605-5651|https://orcid.org/0000-0002-6578-522X|https://orcid.org/0000-0003-4813-9047|https://orcid.org/0000-0002-7087-5334,US|US|US|US|US,University of South Carolina|University of Nebraska–Lincoln|Clemson University|Clemson University|University of South Carolina,https://openalex.org/I155781252|https://openalex.org/I114395901|https://openalex.org/I8078737|https://openalex.org/I8078737|https://openalex.org/I155781252,False|True|False|False|False,,13,https://openalex.org/I114395901,Vehicle re-routing under disruption in cross-dock network with time constraints,https://doi.org/10.1016/j.eswa.2023.121517,,3.71167845,,False,en,False,closed,Expert Systems with Applications,https://openalex.org/S13144211,0957-4174,journal,Vehicle Routing Optimization Methods,2023-09-09,2023,article
https://openalex.org/W4406834022,Nitin Grover,https://openalex.org/A5116036846,,,,,True,,23,,AI-Enabled Supply Chain Optimization,https://doi.org/10.48175/ijarsct-23103,,134.32160552,,False,en,True,diamond,International Journal of Advanced Research in Science Communication and Technology,https://openalex.org/S4210201094,2581-9429,journal,Supply Chain Resilience and Risk Management,2025-01-26,2025,article
https://openalex.org/W4406421392,Weiping Meng|Yang He|Yongquan Zhou,https://openalex.org/A5019489139|https://openalex.org/A5100457874|https://openalex.org/A5031740523,|https://orcid.org/0000-0002-2533-8038|https://orcid.org/0000-0003-4404-952X,CN|CN|CN,Minzu University of China|Minzu University of China|Minzu University of China,https://openalex.org/I145897649|https://openalex.org/I145897649|https://openalex.org/I145897649,False|False|True,cc-by,5,https://openalex.org/I145897649,Q-Learning-Driven Butterfly Optimization Algorithm for Green Vehicle Routing Problem Considering Customer Preference,https://doi.org/10.3390/biomimetics10010057,National Natural Science Foundation of China,18.05115864,https://pubmed.ncbi.nlm.nih.gov/39851773,False,en,True,gold,Biomimetics,https://openalex.org/S4210206423,2313-7673,journal,Vehicle Routing Optimization Methods,2025-01-15,2025,article
https://openalex.org/W2789591470,Yan Sun|Guijie Zhang|Zhijuan Hong|Kunxiang Dong,https://openalex.org/A5087344137|https://openalex.org/A5086634848|https://openalex.org/A5036428558|https://openalex.org/A5028882079,https://orcid.org/0000-0002-4704-5578|https://orcid.org/0000-0002-7847-5431|https://orcid.org/0000-0002-2267-8782|https://orcid.org/0000-0003-4321-9347,CN|CN|CN|CN,Shandong University of Finance and Economics|Shandong University of Finance and Economics|Shandong University of Finance and Economics|Shandong University of Finance and Economics,https://openalex.org/I59483232|https://openalex.org/I59483232|https://openalex.org/I59483232|https://openalex.org/I59483232,True|False|False|True,cc-by,20,https://openalex.org/I59483232,How Uncertain Information on Service Capacity Influences the Intermodal Routing Decision: A Fuzzy Programming Perspective,https://doi.org/10.3390/info9010024,National Social Science Fund of China,2.65736785,,False,en,True,gold,Information,https://openalex.org/S4210219776,2078-2489,journal,Multi-Criteria Decision Making,2018-01-24,2018,article
https://openalex.org/W2382671430,Yi Liu,https://openalex.org/A5101572583,https://orcid.org/0000-0002-6727-4407,CN,Hangzhou Dianzi University,https://openalex.org/I50760025,True,,6,https://openalex.org/I50760025,Improved Artificial Fish Swarm Algorithm for Vehicle Routing Problem with Backhaul and Fuzzy Demand,,,0.0,,False,en,False,closed,,,,,Vehicle Routing Optimization Methods,2010-01-01,2010,article
https://openalex.org/W3201296837,Cong Wang|Zhongxiu Peng|XU Xi-jun,https://openalex.org/A5070653957|https://openalex.org/A5030617980|https://openalex.org/A5076656275,https://orcid.org/0000-0001-6429-8799||https://orcid.org/0000-0002-5843-7729,CN|CN|CN,Dalian Maritime University|Southeast University|Dalian Maritime University|Dalian Maritime University,https://openalex.org/I43313876|https://openalex.org/I76569877|https://openalex.org/I43313876|https://openalex.org/I43313876,True|False|False,cc-by,13,https://openalex.org/I43313876|https://openalex.org/I76569877,A Bi-Level Programming Approach to the Location-Routing Problem with Cargo Splitting under Low-Carbon Policies,https://doi.org/10.3390/math9182325,Natural Science Foundation of Liaoning Province|Jiangsu Planned Projects for Postdoctoral Research Funds,1.51382908,,False,en,True,gold,Mathematics,https://openalex.org/S4210192031,2227-7390,journal,Vehicle Routing Optimization Methods,2021-09-19,2021,article
https://openalex.org/W4221015978,Ali Majidi|Pedram Farghadani-Chaharsooghi|Seyed Mohammad Javad Mirzapour Al-e-Hashem,https://openalex.org/A5065487410|https://openalex.org/A5017404647|https://openalex.org/A5071939453,|https://orcid.org/0000-0002-6544-3801|https://orcid.org/0000-0002-3235-2698,IR|CA|IR|FR|IR,Amirkabir University of Technology|Amirkabir University of Technology|Concordia University|École Supérieure de Commerce de Rennes|Amirkabir University of Technology,https://openalex.org/I158248296|https://openalex.org/I158248296|https://openalex.org/I60158472|https://openalex.org/I92834545|https://openalex.org/I158248296,True|False|False,,20,https://openalex.org/I158248296,Sustainable Pricing-Production-Workforce-Routing Problem for Perishable Products by Considering Demand Uncertainty; A Case Study from the Dairy Industry,https://doi.org/10.5325/transportationj.61.1.0060,,3.171275,,False,en,False,closed,Transportation Journal,https://openalex.org/S121321708,0041-1612,journal,Vehicle Routing Optimization Methods,2022-01-01,2022,article
https://openalex.org/W3088857365,Yan Sun,https://openalex.org/A5087344137,https://orcid.org/0000-0002-4704-5578,CN,Shandong University of Finance and Economics,https://openalex.org/I59483232,True,cc-by,24,https://openalex.org/I59483232,A Fuzzy Multi-Objective Routing Model for Managing Hazardous Materials Door-to-Door Transportation in the Road-Rail Multimodal Network With Uncertain Demand and Improved Service Level,https://doi.org/10.1109/access.2020.3025315,National Natural Science Foundation of China|Ministry of Education of the People's Republic of China|Natural Science Foundation of Shandong Province,4.05697773,,False,en,True,gold,IEEE Access,https://openalex.org/S2485537415,2169-3536,journal,Transportation Planning and Optimization,2020-01-01,2020,article
https://openalex.org/W3037655572,Hesam Adarang|Ali Bozorgi-Amiri|Kaveh Khalili‐Damghani|Reza Tavakkoli‐Moghaddam,https://openalex.org/A5052812994|https://openalex.org/A5020261078|https://openalex.org/A5057486515|https://openalex.org/A5032511721,|https://orcid.org/0000-0002-1180-9572|https://orcid.org/0000-0002-2338-1673|https://orcid.org/0000-0002-6757-926X,IR|IR|IR|IR,Islamic Azad University South Tehran Branch|University of Tehran|Islamic Azad University South Tehran Branch|University of Tehran,https://openalex.org/I136830121|https://openalex.org/I23946033|https://openalex.org/I136830121|https://openalex.org/I23946033,True|False|False|False,,42,https://openalex.org/I136830121,A robust bi-objective location-routing model for providing emergency medical services,https://doi.org/10.1108/jhlscm-11-2018-0072,,5.13740285,,False,en,True,green,Journal of Humanitarian Logistics and Supply Chain Management,https://openalex.org/S4210172729,2042-6747,journal,Facility Location and Emergency Management,2020-06-21,2020,article
https://openalex.org/W3196169810,M. Geethalakshmi|Kanimozhiraman|Jose Anand|R. Partheepan|S. Santhosh,https://openalex.org/A5085654153|https://openalex.org/A5048229048|https://openalex.org/A5056566865|https://openalex.org/A5037350354|https://openalex.org/A5085010852,||https://orcid.org/0009-0004-0989-7093||,||||,,,True|False|False|False|False,,16,,Optimal Routing Path using Trident Form in Wearable Biomedical Wireless Sensor Networks,,,2.48447634,,False,en,True,green,Turkish Online Journal of Qualitative Inquiry,https://openalex.org/S2736657409,1309-6591,journal,Energy Efficient Wireless Sensor Networks,2021-08-18,2021,article
https://openalex.org/W4223655339,Zhongxiu Peng|Cong Wang|Wenqing Xu|Jinsong Zhang,https://openalex.org/A5030617980|https://openalex.org/A5100390502|https://openalex.org/A5103986495|https://openalex.org/A5052176517,|https://orcid.org/0000-0002-8222-2867||https://orcid.org/0000-0002-1603-3136,CN|CN|CN|CN,Dalian Maritime University|Southeast University|Dalian Maritime University|Dalian Maritime University|Dalian Maritime University,https://openalex.org/I43313876|https://openalex.org/I76569877|https://openalex.org/I43313876|https://openalex.org/I43313876|https://openalex.org/I43313876,False|True|False|False,cc-by,20,https://openalex.org/I43313876|https://openalex.org/I76569877,Research on Location-Routing Problem of Maritime Emergency Materials Distribution Based on Bi-Level Programming,https://doi.org/10.3390/math10081243,Natural Science Foundation of Liaoning Province|Jiangsu Planned Projects for Postdoctoral Research Funds,4.87101246,,False,en,True,gold,Mathematics,https://openalex.org/S4210192031,2227-7390,journal,Facility Location and Emergency Management,2022-04-10,2022,article
https://openalex.org/W3166105598,Lei Li|Zaher Al Chami|Hervé Manier|Marié-Ange Manier|Jian Xue,https://openalex.org/A5067007478|https://openalex.org/A5073139231|https://openalex.org/A5022459090|https://openalex.org/A5017401001|https://openalex.org/A5108749562,https://orcid.org/0000-0001-7091-5327|https://orcid.org/0000-0001-6297-700X|https://orcid.org/0000-0001-8246-2572|https://orcid.org/0000-0002-7958-5210|https://orcid.org/0000-0002-0969-6302,CN|FR|FR|FR|CN,Shaanxi University of Science and Technology|Fives (France)|Centre National de la Recherche Scientifique|Franche-Comté Électronique Mécanique Thermique et Optique - Sciences et Technologies|Université de technologie de belfort-montbéliard||Centre National de la Recherche Scientifique|Franche-Comté Électronique Mécanique Thermique et Optique - Sciences et Technologies|Université de technologie de belfort-montbéliard||Shaanxi University of Science and Technology,https://openalex.org/I51622183|https://openalex.org/I4210163078|https://openalex.org/I1294671590|https://openalex.org/I2802759292|https://openalex.org/I37553959|https://openalex.org/I4407990293|https://openalex.org/I1294671590|https://openalex.org/I2802759292|https://openalex.org/I37553959|https://openalex.org/I4407990293|https://openalex.org/I51622183,True|False|False|False|False,,21,https://openalex.org/I51622183,Incorporating fuel delivery in network design for hydrogen fueling stations: Formulation and two metaheuristic approaches,https://doi.org/10.1016/j.tre.2021.102384,China Scholarship Council|Shaanxi University of Science and Technology,1.37522134,,False,en,False,closed,Transportation Research Part E Logistics and Transportation Review,https://openalex.org/S173966628,1366-5545,journal,Electric Vehicles and Infrastructure,2021-06-09,2021,article
https://openalex.org/W3198901053,Mahmoud Golabi|Mazyar Ghadiri Nejad,https://openalex.org/A5040316251|https://openalex.org/A5025300349,https://orcid.org/0000-0002-3314-2051|https://orcid.org/0000-0002-8207-2387,FR|,Université de Haute-Alsace|,https://openalex.org/I2800745255|,False|True,,13,,Intelligent and Fuzzy UAV Transportation Applications in Aviation 4.0,https://doi.org/10.1007/978-3-030-75067-1_19,,7.96653023,,False,en,False,closed,"Studies in systems, decision and control",https://openalex.org/S4210187899,2198-4182,book series,Vehicle Routing Optimization Methods,2021-08-26,2021,book-chapter
https://openalex.org/W2284762096,Brigitte Werners|Yuriy Kondratenko,https://openalex.org/A5073363112|https://openalex.org/A5088213581,https://orcid.org/0000-0001-7684-9279|https://orcid.org/0000-0001-7736-883X,|,,,True|False,,3,,TANKER ROUTING PROBLEM WITH FUZZY DEMANDS OF SERVED SHIPS,,,0.0,,False,en,True,green,The scientific electronic library of periodicals of the National Academy of Sciences of Ukraine (National Academy of Sciences of Ukraine),https://openalex.org/S4306401959,,repository,Vehicle Routing Optimization Methods,2010-10-07,2010,article
https://openalex.org/W4390926746,Yuhan Guo|Jinning Li|Linfan Xiao|Hamid Allaoui|Alok Choudhary|Lufang Zhang,https://openalex.org/A5036038098|https://openalex.org/A5101891747|https://openalex.org/A5108326765|https://openalex.org/A5086349258|https://openalex.org/A5101598829|https://openalex.org/A5043110913,https://orcid.org/0000-0002-6855-0338|https://orcid.org/0000-0003-4024-1944||https://orcid.org/0000-0001-7844-5796|https://orcid.org/0000-0003-0197-9970|https://orcid.org/0009-0004-0324-6644,CN|CN|SG|FR|GB|CN,"Zhejiang University of Science and Technology|Sun Yat-sen University|National University of Singapore|Université d'Artois|Laboratoire d'Automatique, Génie Informatique et Signal|University of Warwick|Zhejiang University of Science and Technology",https://openalex.org/I168879160|https://openalex.org/I157773358|https://openalex.org/I165932596|https://openalex.org/I44563897|https://openalex.org/I4210143894|https://openalex.org/I39555362|https://openalex.org/I168879160,True|False|False|False|False|False,,21,https://openalex.org/I168879160,Efficient inventory routing for Bike-Sharing Systems: A combinatorial reinforcement learning framework,https://doi.org/10.1016/j.tre.2024.103415,,23.65830086,,False,en,False,closed,Transportation Research Part E Logistics and Transportation Review,https://openalex.org/S173966628,1366-5545,journal,Urban Transport and Accessibility,2024-01-16,2024,article
https://openalex.org/W4285343175,Peyman Rabiei|Daniel Arias Aranda,https://openalex.org/A5059431365|https://openalex.org/A5078446467,https://orcid.org/0000-0003-1534-6680|https://orcid.org/0000-0003-0292-7435,IR|ES,Shiraz University|Universidad de Granada,https://openalex.org/I166459259|https://openalex.org/I173304897,True|False,cc-by,4,https://openalex.org/I166459259,Introducing a novel multi-objective optimization model for vehicle routing and relief supply distribution in post-disaster phase: combining fuzzy inference systems with NSGA-II and NRGA,https://doi.org/10.1109/ictis54573.2021.9798556,Horizon 2020 Framework Programme,0.64654305,,False,en,True,gold,,,,,Facility Location and Emergency Management,2021-10-22,2021,article
https://openalex.org/W2054938668,Wuttinan Nunkaew|Busaba Phruksaphanrat|Sio-Iong Ao|Hideki Katagir|Li Xu|Alan H. S. Chan,https://openalex.org/A5080566011|https://openalex.org/A5018204443|https://openalex.org/A5109880026|https://openalex.org/A5066851891|https://openalex.org/A5108275642|https://openalex.org/A5058159907,https://orcid.org/0009-0003-4577-0981|https://orcid.org/0000-0002-3600-2943||||https://orcid.org/0000-0002-7541-3163,TH|||||,Thammasat University|||||,https://openalex.org/I108108428|||||,True|False|False|False|False|False,,4,https://openalex.org/I108108428,A Fuzzy Goal Programming for a Multi-Depot Distribution Problem,https://doi.org/10.1063/1.3510546,Thailand Research Fund|Commission on Higher Education,0.70929606,,False,en,False,closed,AIP conference proceedings,https://openalex.org/S2764696622,0094-243X,journal,Optimization and Mathematical Programming,2010-01-01,2010,article
https://openalex.org/W4360604340,Xufei Liu|Sang Won Kim|Changhyun Kwon,https://openalex.org/A5103026075|https://openalex.org/A5061634904|https://openalex.org/A5031497042,https://orcid.org/0009-0003-0440-1661|https://orcid.org/0000-0002-5021-933X|https://orcid.org/0000-0001-8455-6396,CN|KR|KR|US,Zhejiang Gongshang University|Korea Advanced Institute of Science and Technology|University of South Florida|Korea Advanced Institute of Science and Technology,https://openalex.org/I75059550|https://openalex.org/I157485424|https://openalex.org/I2613432|https://openalex.org/I157485424,False|False|True,,15,https://openalex.org/I2613432|https://openalex.org/I157485424,An adaptive large neighborhood search method for rebalancing free-floating electric vehicle sharing systems,https://doi.org/10.1016/j.cor.2023.106220,National Research Foundation of Korea,2.45341798,,False,en,False,closed,Computers & Operations Research,https://openalex.org/S173256270,0305-0548,journal,Transportation and Mobility Innovations,2023-03-23,2023,article
https://openalex.org/W4411246395,Lawson Nii Lante Lawerence|Mohamed A. Wahby Shalaby|Sally Kassem|Tarek M. Khalil,https://openalex.org/A5118607309|https://openalex.org/A5101406580|https://openalex.org/A5081869671|https://openalex.org/A5035918177,|https://orcid.org/0000-0003-4942-9257|https://orcid.org/0000-0001-9045-9365|https://orcid.org/0000-0002-5445-9437,EG|EG|EG|EG,Nile University|Cairo University|Nile University|Cairo University|Nile University,https://openalex.org/I57629906|https://openalex.org/I145487455|https://openalex.org/I57629906|https://openalex.org/I145487455|https://openalex.org/I57629906,True|False|False|False,cc-by,3,https://openalex.org/I57629906,Fuzzy demand electric vehicle routing problem with soft time windows,https://doi.org/10.1007/s10700-025-09453-1,Cairo University|Science and Technology Development Fund,10.83069519,,False,en,True,hybrid,Fuzzy Optimization and Decision Making,https://openalex.org/S93986401,1568-4539,journal,Vehicle Routing Optimization Methods,2025-06-12,2025,article
https://openalex.org/W2519601903,Alireza Eydi|Leila Javazi,https://openalex.org/A5067178270|https://openalex.org/A5028711389,https://orcid.org/0000-0002-7432-0520|,IR|IR,University of Kurdistan|University of Kurdistan,https://openalex.org/I3124704065|https://openalex.org/I3124704065,True|False,,9,https://openalex.org/I3124704065,Model and Solution Approach for Multi objective-multi commodity Capacitated Arc Routing Problem with Fuzzy Demand,,,0.0,,False,en,False,closed,Journal of industrial and systems engineering.,https://openalex.org/S2764591814,1735-8272,journal,Vehicle Routing Optimization Methods,2012-01-01,2012,article
https://openalex.org/W2919418670,Tuan Anh Dao|Thị Ngọc Anh Nguyễn,https://openalex.org/A5065583504|https://openalex.org/A5101989452,https://orcid.org/0000-0002-5591-0373|https://orcid.org/0000-0002-6555-9740,SE|VN,Uppsala University|Hanoi University of Science and Technology,https://openalex.org/I123387679|https://openalex.org/I94518387,True|False,,2,https://openalex.org/I123387679,A multi-criteria optimization model for emission-concerned multi-depot vehicle routing problem with heterogeneous fleet,https://doi.org/10.1109/icass.2018.8651943,,0.98080162,,False,en,False,closed,2018 International Conference on Applied Smart Systems (ICASS),https://openalex.org/S4306498341,,conference,Vehicle Routing Optimization Methods,2018-11-01,2018,article
https://openalex.org/W2734906506,Wuttinan Nunkaew|Busaba Phruksaphanrat,https://openalex.org/A5080566011|https://openalex.org/A5018204443,https://orcid.org/0009-0003-4577-0981|https://orcid.org/0000-0002-3600-2943,|,,,True|False,,3,,A Fuzzy Multiple Objective Decision Making Model for Solving a Multi-Depot Distribution Problem,,,1.62367967,,False,en,False,closed,,,,,Advanced Manufacturing and Logistics Optimization,2010-03-01,2010,article
https://openalex.org/W4388176890,Shaohua Wang|Junyuan Zhou|Haojian Liang|Zhenbo Wang|Cheng Su|Xiao Li,https://openalex.org/A5100456654|https://openalex.org/A5103089201|https://openalex.org/A5045035223|https://openalex.org/A5007639254|https://openalex.org/A5048194625|https://openalex.org/A5019885025,https://orcid.org/0000-0001-8651-9505|https://orcid.org/0009-0001-9303-0713|https://orcid.org/0000-0003-4077-1187|https://orcid.org/0000-0003-0879-0118|https://orcid.org/0009-0003-3281-7904|https://orcid.org/0009-0001-7106-8526,CN|CN|CN|CN|CN|CN,Aerospace Information Research Institute|Lanzhou Jiaotong University|Jilin University|Institute of Geographic Sciences and Natural Resources Research|Aerospace Information Research Institute|Lanzhou Jiaotong University,https://openalex.org/I4210137199|https://openalex.org/I3133134087|https://openalex.org/I194450716|https://openalex.org/I4210160793|https://openalex.org/I4210137199|https://openalex.org/I3133134087,True|False|False|False|False|False,cc-by,6,https://openalex.org/I4210137199,A New Approach for Solving Location Routing Problems with Deep Reinforcement Learning of Emergency Medical Facility,https://doi.org/10.1145/3615884.3629429,Chinese Academy of Sciences,1.71308236,,False,en,True,gold,,,,,Vehicle Routing Optimization Methods,2023-11-01,2023,article
https://openalex.org/W4367155936,Mirko Cavecchia|Thiago Alves de Queiroz|Manuel Iori|Riccardo Lancellotti|Giorgio Zucchi,https://openalex.org/A5018391075|https://openalex.org/A5037484451|https://openalex.org/A5088224363|https://openalex.org/A5088261843|https://openalex.org/A5033043612,https://orcid.org/0000-0002-4129-9876|https://orcid.org/0000-0003-2674-3366|https://orcid.org/0000-0003-2097-6572|https://orcid.org/0000-0002-9470-8784|https://orcid.org/0000-0002-5459-7290,IT|BR|IT|IT|IT,University of Modena and Reggio Emilia|Universidade Federal de Catalão|University of Modena and Reggio Emilia|Ferrari (Italy)|University of Modena and Reggio Emilia|University of Modena and Reggio Emilia,https://openalex.org/I122346577|https://openalex.org/I4387156084|https://openalex.org/I122346577|https://openalex.org/I4210161797|https://openalex.org/I122346577|https://openalex.org/I122346577,True|False|False|False|False,cc-by-nc-nd,1,https://openalex.org/I122346577,A Decision Support System for Multi-Trip Vehicle Routing Problems,https://doi.org/10.5220/0011806600003467,Conselho Nacional de Desenvolvimento Científico e Tecnológico|Fundação de Amparo à Pesquisa do Estado de Goiás,0.28551373,,False,en,True,gold,,,,,Vehicle Routing Optimization Methods,2023-01-01,2023,article
https://openalex.org/W2529915841,Liu Qiang|Lei Xu,|https://openalex.org/A5084553698,|https://orcid.org/0000-0002-3556-8873,|,,,True|False,,7,,A Study on Vehicle Routing Problem in the Delivery of Fresh Agricultural Products under Random Fuzzy Environment,,,0.0,,False,en,False,closed,,,,,Hermeneutics and Narrative Identity,2015-02-06,2015,article
https://openalex.org/W4385543685,Shuyue Peng|Qinming Liu|Jiarui Hu,https://openalex.org/A5112973641|https://openalex.org/A5009412324|https://openalex.org/A5100848731,||https://orcid.org/0009-0006-9563-8956,CN|CN|CN,University of Shanghai for Science and Technology|University of Shanghai for Science and Technology|University of Shanghai for Science and Technology,https://openalex.org/I148128674|https://openalex.org/I148128674|https://openalex.org/I148128674,False|True|False,cc-by,9,https://openalex.org/I148128674,Green Distribution Route Optimization of Medical Relief Supplies Based on Improved NSGA-II Algorithm under Dual-Uncertainty,https://doi.org/10.3390/su151511939,,4.21942914,,False,en,True,gold,Sustainability,https://openalex.org/S10134376,2071-1050,journal,Facility Location and Emergency Management,2023-08-03,2023,article
https://openalex.org/W4312429566,Günther Hüsselmann|Jan H. van Vuuren|S.J. Andersen,https://openalex.org/A5062520456|https://openalex.org/A5044407915|https://openalex.org/A5010878484,https://orcid.org/0000-0001-6711-8546|https://orcid.org/0000-0003-4757-5832|,ZA||,Stellenbosch University||,https://openalex.org/I26092322||,True|False|False,,2,https://openalex.org/I26092322,An Improved Solution Methodology for the Urban Transit Routing Problem,https://doi.org/10.2139/ssrn.4263607,,,,False,en,True,green,SSRN Electronic Journal,https://openalex.org/S4210172589,1556-5068,repository,Data Management and Algorithms,2022-01-01,2022,article
https://openalex.org/W4377293224,Xabier A. Martin|Javier Panadero|David Peidro|Elena Pérez Bernabeu|Ángel A. Juan,https://openalex.org/A5071902691|https://openalex.org/A5078895046|https://openalex.org/A5044730602|https://openalex.org/A5007442822|https://openalex.org/A5080136207,https://orcid.org/0000-0003-4182-0120|https://orcid.org/0000-0002-3793-3328|https://orcid.org/0000-0001-8678-6881|https://orcid.org/0000-0002-9221-7623|https://orcid.org/0000-0003-1392-1776,ES|ES|ES|ES|ES,Universitat Politècnica de València|Universitat Politècnica de Catalunya|Universitat Politècnica de València|Universitat Politècnica de València|Universitat Politècnica de València,https://openalex.org/I60053951|https://openalex.org/I9617848|https://openalex.org/I60053951|https://openalex.org/I60053951|https://openalex.org/I60053951,False|True|False|False|False,cc-by-nc-nd,6,https://openalex.org/I9617848,Solving the time capacitated arc routing problem under fuzzy and stochastic travel and service times,https://doi.org/10.1002/net.22159,Generalitat Valenciana|Fundación Bancaria Caixa d'Estalvis i Pensions de Barcelona|Agencia Estatal de Investigación,1.71308236,,False,en,True,hybrid,Networks,https://openalex.org/S191798613,0028-3045,journal,Vehicle Routing Optimization Methods,2023-05-22,2023,article
https://openalex.org/W4387265247,Cong Wang|Zhongxiu Peng|Wenqing Xu,https://openalex.org/A5100390502|https://openalex.org/A5030617980|https://openalex.org/A5103986495,https://orcid.org/0000-0002-8222-2867||,CN|CN|CN,Dalian Maritime University|Southeast University|Dalian Maritime University|Dalian Maritime University,https://openalex.org/I43313876|https://openalex.org/I76569877|https://openalex.org/I43313876|https://openalex.org/I43313876,False|True|False,cc-by,8,https://openalex.org/I43313876,Robust Bi-Level Optimization for Maritime Emergency Materials Distribution in Uncertain Decision-Making Environments,https://doi.org/10.3390/math11194140,Ministry of Education of the People's Republic of China|Natural Science Foundation of Guangdong Province|Jilin Office of Philosophy and Social Science|Jiangsu Planned Projects for Postdoctoral Research Funds|Fundamental Research Funds for the Central Universities|Humanities and Social Science Fund of Ministry of Education of China,3.75060368,,False,en,True,gold,Mathematics,https://openalex.org/S4210192031,2227-7390,journal,Facility Location and Emergency Management,2023-09-30,2023,article
https://openalex.org/W4402680734,Huan Liu|Jizhe Zhang|Zhao Zhou|Yongqiang Dai|Lijing Qin,https://openalex.org/A5010889405|https://openalex.org/A5113281488|https://openalex.org/A5056311294|https://openalex.org/A5113329664|https://openalex.org/A5100316572,https://orcid.org/0000-0002-2065-8307|https://orcid.org/0009-0003-5075-4185|https://orcid.org/0000-0003-2840-7155||,CN|CN|CN|CN|CN,Gansu Agricultural University|Gansu Agricultural University|Gansu Agricultural University|Gansu Agricultural University|Gansu Agricultural University,https://openalex.org/I16295237|https://openalex.org/I16295237|https://openalex.org/I16295237|https://openalex.org/I16295237|https://openalex.org/I16295237,True|False|False|False|False,cc-by,12,https://openalex.org/I16295237,A Deep Reinforcement Learning-Based Algorithm for Multi-Objective Agricultural Site Selection and Logistics Optimization Problem,https://doi.org/10.3390/app14188479,Natural Science Foundation of Gansu Province,9.48162689,,False,en,True,gold,Applied Sciences,https://openalex.org/S4210205812,2076-3417,journal,Advanced Multi-Objective Optimization Algorithms,2024-09-20,2024,article
https://openalex.org/W2505979844,Isis Torres|Alejandro Rosete Suárez|Carlos Cruz|José Luís Verdegay,https://openalex.org/A5052758749|https://openalex.org/A5102978153|https://openalex.org/A5101432001|https://openalex.org/A5010560354,|https://orcid.org/0000-0002-4579-3556|https://orcid.org/0000-0002-0308-5324|https://orcid.org/0000-0003-2487-942X,CU|CU|ES|ES,Polytechnic José Antonio Echeverría|Polytechnic José Antonio Echeverría|Universidad de Granada|Universidad de Granada,https://openalex.org/I908025542|https://openalex.org/I908025542|https://openalex.org/I173304897|https://openalex.org/I173304897,True|False|False|False,,1,https://openalex.org/I908025542,Solving a Multiobjective Truck and Trailer Routing Problem with Fuzzy Constraints,https://doi.org/10.1007/978-3-319-31093-0_11,Ministerio de Economía y Competitividad,0.0,,False,en,False,closed,Studies in fuzziness and soft computing,https://openalex.org/S4210229206,1434-9922,book series,Vehicle Routing Optimization Methods,2016-01-01,2016,book-chapter
https://openalex.org/W4285809649,Yong Shi|Yanjie Zhou|Toufik Boudouh|Olivier Grunder,https://openalex.org/A5103028908|https://openalex.org/A5068915028|https://openalex.org/A5013013789|https://openalex.org/A5074208099,https://orcid.org/0000-0003-3482-6719|https://orcid.org/0000-0003-2222-9140||https://orcid.org/0000-0003-1726-1576,CN|FR|CN|FR|FR,Université de technologie de belfort-montbéliard|China University of Geosciences|Zhengzhou University|Université de technologie de belfort-montbéliard|Centre National de la Recherche Scientifique|Université de technologie de belfort-montbéliard,https://openalex.org/I37553959|https://openalex.org/I3124059619|https://openalex.org/I38877650|https://openalex.org/I37553959|https://openalex.org/I1294671590|https://openalex.org/I37553959,False|True|False|False,,5,https://openalex.org/I38877650,A memetic algorithm for a relocation-routing problem in green production of gas considering uncertainties,https://doi.org/10.1016/j.swevo.2022.101129,China Scholarship Council,0.79281875,,False,en,False,closed,Swarm and Evolutionary Computation,https://openalex.org/S2764346689,2210-6502,journal,Vehicle Routing Optimization Methods,2022-07-19,2022,article
https://openalex.org/W1965015888,Aimin Deng|Lang Mao|Feng Tian|Jia Cai,https://openalex.org/A5113608812|https://openalex.org/A5030927959|https://openalex.org/A5101456179|https://openalex.org/A5033196884,|||https://orcid.org/0000-0001-8942-8668,CN|CN|CN|CN,Hunan University|Hunan University|Hunan University|Hunan University,https://openalex.org/I16609230|https://openalex.org/I16609230|https://openalex.org/I16609230|https://openalex.org/I16609230,True|False|False|False,,2,https://openalex.org/I16609230,An Optimal Model and Its Algorithm for Multi-echelon MSW Recycling Network Design,https://doi.org/10.1109/icm.2011.45,,0.0,,False,en,False,closed,,,,,Municipal Solid Waste Management,2011-09-01,2011,article
https://openalex.org/W4386863902,Faiza Hamdi|Laila Messaoudi|Jalel Euchi,https://openalex.org/A5113639944|https://openalex.org/A5053377470|https://openalex.org/A5057544888,||https://orcid.org/0000-0001-6873-5060,SA||TN,Jeddah University||University of Gafsa|University of Sfax,https://openalex.org/I4210099699||https://openalex.org/I35845393|https://openalex.org/I142899784,True|False|False,,7,https://openalex.org/I4210099699,A fuzzy stochastic goal programming for selecting suppliers in case of potential disruption,https://doi.org/10.1080/21681015.2023.2259385,,2.72996206,,False,en,False,closed,Journal of Industrial and Production Engineering,https://openalex.org/S2765018810,2168-1015,journal,Supply Chain Resilience and Risk Management,2023-09-19,2023,article
https://openalex.org/W4399674561,Shabanaz Chamurally|Julia Rieck,https://openalex.org/A5079417515|https://openalex.org/A5065832937,https://orcid.org/0000-0002-5699-9277|https://orcid.org/0000-0002-6569-0239,DE|DE,University of Hildesheim|University of Hildesheim,https://openalex.org/I155765044|https://openalex.org/I155765044,True|False,cc-by-nc,1,https://openalex.org/I155765044,A practical and robust approach for solving the multi‐compartment vehicle routing problem under demand uncertainty using machine learning,https://doi.org/10.1002/net.22231,Bundesministerium für Bildung und Forschung,0.68104183,,False,en,True,hybrid,Networks,https://openalex.org/S191798613,0028-3045,journal,Vehicle Routing Optimization Methods,2024-06-14,2024,article
https://openalex.org/W2829567126,Ruoqi Du|Hong Zhou,https://openalex.org/A5014666719|https://openalex.org/A5101398026,|https://orcid.org/0000-0003-0784-4073,CN|CN,Beihang University|Beihang University,https://openalex.org/I82880672|https://openalex.org/I82880672,True|False,cc-by-nc,2,https://openalex.org/I82880672,Location-Routing Problem under Emergency with Simultaneous Relief Delivery and Victim Evacuation,https://doi.org/10.2991/cmsa-18.2018.54,National Natural Science Foundation of China,0.68550852,,False,en,True,hybrid,Advances in intelligent systems research/Advances in Intelligent Systems Research,https://openalex.org/S4220651947,1951-6851,book series,Facility Location and Emergency Management,2018-01-01,2018,article
https://openalex.org/W3118997631,Jianghong Feng,https://openalex.org/A5062128276,https://orcid.org/0000-0002-4641-4343,CN,Jinan University,https://openalex.org/I159948400,True,,5,https://openalex.org/I159948400,Application of a Bilevel Programming Model in Disposal Site Selection for Hazardous Waste,https://doi.org/10.1089/ees.2020.0375,,0.66416454,,False,en,False,closed,Environmental Engineering Science,https://openalex.org/S1905899,1092-8758,journal,Optimization and Mathematical Programming,2021-01-05,2021,article
https://openalex.org/W4383907972,Mustafa Demirbilek,https://openalex.org/A5050256201,https://orcid.org/0000-0002-1520-2882,,Gaziantep İslam Bilim ve Teknoloji Üniversitesi,https://openalex.org/I4387152122,True,,1,https://openalex.org/I4387152122,A bibliometric analysis of publications related to dynamic vehicle routing problems,https://doi.org/10.51513/jitsa.1230420,,0.28551373,,False,en,True,bronze,Akıllı Ulaşım Sistemleri ve Uygulamaları Dergisi,https://openalex.org/S4210199891,2636-820X,journal,Vehicle Routing Optimization Methods,2023-07-11,2023,article
https://openalex.org/W2945409803,Budi Nur Siswanto|Afferdhy Ariffien|Ilham Jayakusuma,https://openalex.org/A5060665515|https://openalex.org/A5032380555|https://openalex.org/A5002903719,||,||,,,True|False|False,,1,,Sistem Routing Proses Delivery Menggunakan Simulated Annealing (Studi Kasus: PT. X),,,0.34260317,,False,en,False,closed,,,,,Management and Optimization Techniques,2019-04-07,2019,article
https://openalex.org/W1974550342,Saini Yang|Weifeng Ma,https://openalex.org/A5025959037|https://openalex.org/A5100833398,https://orcid.org/0000-0002-3390-8264|,CN|CN,Beijing Normal University|Beijing Normal University,https://openalex.org/I25254941|https://openalex.org/I25254941,True|False,,1,https://openalex.org/I25254941,A Hierarchical Model for Relief Distribution after Earthquake Disaster,https://doi.org/10.1061/41186(421)370,,0.0,,False,en,False,closed,,,,,Facility Location and Emergency Management,2011-07-26,2011,article
https://openalex.org/W2072713897,Jing An|Paul Pangalos|A.H. Aghvami,https://openalex.org/A5101341855|https://openalex.org/A5022369117|https://openalex.org/A5065296493,||,GB|GB|GB,King's College London|King's College London|King's College London,https://openalex.org/I183935753|https://openalex.org/I183935753|https://openalex.org/I183935753,True|False|False,,4,https://openalex.org/I183935753,Novel fuzzy non-dominance shortest path routing and path ordering for QoS aware routing,https://doi.org/10.1109/pimrc.2013.6666732,,0.72414375,,False,en,False,closed,,,,,Network Traffic and Congestion Control,2013-09-01,2013,article
https://openalex.org/W4403375102,,,,,,,,cc-by,1,,Investigating cross-docking criteria for raw materials with hybrid MCDM,https://doi.org/10.46544/ams.v29i2.07,,0.42928328,,False,en,True,diamond,Acta Montanistica Slovaca,https://openalex.org/S184108653,1335-1788,journal,Advanced ceramic materials synthesis,2024-10-12,2024,article
https://openalex.org/W2002655346,Mohamed Baccouche|Jaouad Boukachour|Abdellatif Benabdelhafid,https://openalex.org/A5051510043|https://openalex.org/A5031115258|https://openalex.org/A5109085576,|https://orcid.org/0000-0002-9728-0584|,FR|SE|TN|FR|FR,National Engineering School of Tunis|University of Sfax|Université Le Havre Normandie|Intelligent Machines (Sweden)|Université Le Havre Normandie|Université Le Havre Normandie,https://openalex.org/I4210131288|https://openalex.org/I142899784|https://openalex.org/I141576021|https://openalex.org/I4210159412|https://openalex.org/I141576021|https://openalex.org/I141576021,True|False|False,,1,https://openalex.org/I4210131288|https://openalex.org/I142899784|https://openalex.org/I141576021|https://openalex.org/I4210159412,Hybrid Genetic Algorithm for the Generalised Assignment Problem,https://doi.org/10.3166/jds.14.83-107,,0.0,,False,en,False,closed,Journal of Decision System,https://openalex.org/S119153320,1246-0125,journal,Scheduling and Optimization Algorithms,2005-01-01,2005,article
https://openalex.org/W4321353733,Rocsildes Canoy|Víctor Bucarey|Jayanta Mandi|Maxime Mulamba|Yves Molenbruch|Tias Guns,https://openalex.org/A5011110739|https://openalex.org/A5059311607|https://openalex.org/A5050624062|https://openalex.org/A5053953296|https://openalex.org/A5088494037|https://openalex.org/A5041230402,https://orcid.org/0000-0003-1810-082X|https://orcid.org/0000-0002-3043-8404|https://orcid.org/0000-0001-8675-8178|https://orcid.org/0000-0002-9122-926X|https://orcid.org/0000-0001-9344-7255|https://orcid.org/0000-0002-2156-2155,GB|CL|GB|GB|GB|BE,Oldham Council|University of O'Higgins|Oldham Council|Oldham Council|Oldham Council|KU Leuven,https://openalex.org/I4210164339|https://openalex.org/I4210144665|https://openalex.org/I4210164339|https://openalex.org/I4210164339|https://openalex.org/I4210164339|https://openalex.org/I99464096,True|False|False|False|False|False,,1,https://openalex.org/I4210164339,Probability Estimation and Structured Output Prediction for Learning Preferences in Last Mile Delivery,https://doi.org/10.2139/ssrn.4363937,,,,False,en,True,green,SSRN Electronic Journal,https://openalex.org/S4210172589,1556-5068,repository,Machine Learning and Algorithms,2023-01-01,2023,article
https://openalex.org/W4407640462,Zeyu Zou|Hui Zeng|Xiaodong Zheng|Junming Chen,https://openalex.org/A5069886133|https://openalex.org/A5006743758|https://openalex.org/A5058855232|https://openalex.org/A5003239047,|https://orcid.org/0009-0000-3792-9815|https://orcid.org/0000-0001-8387-6064|https://orcid.org/0000-0001-6406-0924,CN|CN|MO|MO,Jiangnan University|Jiangnan University|Macau University of Science and Technology|Macau University of Science and Technology,https://openalex.org/I111599522|https://openalex.org/I111599522|https://openalex.org/I111950717|https://openalex.org/I111950717,False|False|True|True,cc-by,2,https://openalex.org/I111950717,Research on Multi-Center Path Optimization for Emergency Events Based on an Improved Particle Swarm Optimization Algorithm,https://doi.org/10.3390/math13040654,,14.07198397,,False,en,True,gold,Mathematics,https://openalex.org/S4210192031,2227-7390,journal,Facility Location and Emergency Management,2025-02-17,2025,article
https://openalex.org/W2734597844,G. Kreweras,https://openalex.org/A5038445678,,FR,Université Paris 1 Panthéon-Sorbonne,https://openalex.org/I51101395,True,,1,https://openalex.org/I51101395,"Traffic, operational research, futurology: In service of research and society",https://doi.org/10.1016/0377-2217(80)90128-9,,0.0,,False,en,False,closed,European Journal of Operational Research,https://openalex.org/S103321696,0377-2217,journal,Vehicle Routing Optimization Methods,1980-12-01,1980,article
https://openalex.org/W2560256179,Shahrooz Shahparvari,https://openalex.org/A5048233654,https://orcid.org/0000-0003-4815-3041,,,,True,,2,,Enhancing emergency response in short-notice bushfire evacuation,https://doi.org/10.25439/rmt.27599667,,0.0,,False,en,True,green,RMIT Research Repository (RMIT University Library),https://openalex.org/S4306402074,,repository,Hermeneutics and Narrative Identity,2024-01-01,2024,article
https://openalex.org/W2245388339,Mario Rodríguez Molins,https://openalex.org/A5002330202,,,,,True,cc-by-nc-nd,2,,Optimization and Robustness in Planning and Scheduling Problems. Application to Container Terminals,https://doi.org/10.4995/thesis/10251/48545,,,,False,en,True,gold,,,,,Maritime Ports and Logistics,2015-02-06,2015,dissertation
https://openalex.org/W1511661167,Moonis Ali|Floriana Esposito,https://openalex.org/A5096689284|https://openalex.org/A5096529216,|,|,,,True|False,,2,,"Innovations in Applied Artificial Intelligence. 18th International Conference on Industrial and Engineering Applications of Artificial Intelligence and Expert Systems, IEA/AIE 2005, Bari, Italy, June 22-24, 2005, Proceedings",https://doi.org/10.1007/b137656,,0.0,,False,en,False,closed,,,,,Robotics and Automated Systems,2005-01-01,2005,book
https://openalex.org/W3008427799,Elnaz Irannezhad,https://openalex.org/A5074998044,https://orcid.org/0000-0002-6298-6042,,,,True,,1,,Contributions to behavioural freight transport modelling,https://doi.org/10.14264/uql.2020.122,,,,False,en,False,closed,,,,,Urban and Freight Transport Logistics,2018-11-16,2018,dissertation
https://openalex.org/W79865362,Jorge-Ernesto Mendoza,https://openalex.org/A5088946598,,,,,True,,0,,Résolution de problèmes de tournées de véhicules réels dans des environnements incertains,,,,,False,fr,False,closed,,,,,Vehicle Routing Optimization Methods,2009-01-01,2009,dissertation
https://openalex.org/W2375632897,Junwei Zeng,https://openalex.org/A5009312292,https://orcid.org/0000-0001-6227-4849,CN,Lanzhou Jiaotong University,https://openalex.org/I3133134087,True,,0,https://openalex.org/I3133134087,VRPTW problem solving multi-objective fuzzy preference ant colony algorithm,,,0.0,,False,en,False,closed,Jisuanji yingyong yanjiu,https://openalex.org/S2764587835,1001-3695,journal,Simulation and Modeling Applications,2011-01-01,2011,article
https://openalex.org/W4415845069,Yan Geng,https://openalex.org/A5101499803,https://orcid.org/0009-0002-7712-9067,,,,True,,0,,Hyper-heuristic Ant Colony Optimization for solving the integrated distributed permutation flow shop prob-lem and multiple compartments vehicle routing problem with simultaneous deterministic delivery and fuzzy pickup,https://doi.org/10.65286/icic.v20i1.57233,,,,False,,True,gold,,,,,,2024-01-01,2024,article
https://openalex.org/W7111677781,"Werners, B.|Kondratenko, Y. P.",|,|,|,,,True|False,,0,,"Планування та оптимізація маршрутів танкерів при нечітких замовленнях суден, що ними обслуговуються",,,0.0,,False,en,True,green,The Scientific Issues of Ternopil Volodymyr Hnatiuk National Pedagogical University Series pedagogy,https://openalex.org/S4210228265,2311-6382,journal,Vehicle Routing Optimization Methods,2009-03-19,2009,article
https://openalex.org/W4412825953,Herman Mawengkang|Muhammad Romi Syahputra|Sutarman Sutarman|Gerhard‐Wilhelm Weber,https://openalex.org/A5092725474|https://openalex.org/A5017777229|https://openalex.org/A5102723918|https://openalex.org/A5070641581,https://orcid.org/0000-0003-0403-9415|https://orcid.org/0000-0003-3557-0778|https://orcid.org/0009-0007-3619-1303|https://orcid.org/0000-0003-0849-7771,ID|ID|ID|,University of North Sumatra|University of North Sumatra|University of North Sumatra|,https://openalex.org/I254887060|https://openalex.org/I254887060|https://openalex.org/I254887060|,True|False|False|False,,0,https://openalex.org/I254887060,Optimization model of vehicle routing problem with heterogenous time windows,https://doi.org/10.11591/ijece.v15i4.pp4043-4057,,0.0,,False,en,True,diamond,International Journal of Power Electronics and Drive Systems/International Journal of Electrical and Computer Engineering,https://openalex.org/S4210235676,2722-256X,journal,Vehicle Routing Optimization Methods,2025-08-01,2025,article
https://openalex.org/W4313026548,Erbao Cao|Xin Wang|Chunhua Tang,https://openalex.org/A5044163550|https://openalex.org/A5100327966|https://openalex.org/A5048362831,https://orcid.org/0000-0001-9383-1273|https://orcid.org/0000-0002-5585-7373|,CN|CN|CN,Hunan University|Hunan University|Hunan University of Finance and Economics,https://openalex.org/I16609230|https://openalex.org/I16609230|https://openalex.org/I4210150398,True|False|False,,0,https://openalex.org/I16609230,A Hybrid Intelligent Algorithm for the Fuzzy Open Vehicle Routing Problem with Risk Preference,https://doi.org/10.2139/ssrn.4281663,,,,False,en,True,green,SSRN Electronic Journal,https://openalex.org/S4210172589,1556-5068,repository,Vehicle Routing Optimization Methods,2022-01-01,2022,article
https://openalex.org/W4317698881,Z. Q. Zhu|Yanru Chen,https://openalex.org/A5085159282|https://openalex.org/A5100695889,https://orcid.org/0000-0001-7175-3307|https://orcid.org/0000-0002-0162-5067,CN|CN,Southwest Jiaotong University|Southwest Jiaotong University,https://openalex.org/I4800084|https://openalex.org/I4800084,True|False,,0,https://openalex.org/I4800084,"A Multicommodity, Simultaneous Split Pickup and Split Delivery Vehicle Routing Problem with Demand Allocation",https://doi.org/10.2139/ssrn.4333975,,,,False,en,True,green,SSRN Electronic Journal,https://openalex.org/S4210172589,1556-5068,repository,Transportation and Mobility Innovations,2023-01-01,2023,article
https://openalex.org/W4401023867,Zari McFadden|Lauren Alvarez|Zhiguang Cao|Yaqing Hou|Guangyu Zou|Qiang Zhang,https://openalex.org/A5094072770|https://openalex.org/A5030552230||||,https://orcid.org/0000-0002-8640-2312|https://orcid.org/0000-0001-7498-0839||||,CN|US|NL|US|SG|CN|CN|CN,Dalian University of Technology|North Carolina State University|Eindhoven University of Technology|North Carolina State University|Singapore Management University|Dalian University of Technology|Dalian University of Technology|Dalian University of Technology,https://openalex.org/I27357992|https://openalex.org/I137902535|https://openalex.org/I83019370|https://openalex.org/I137902535|https://openalex.org/I79891267|https://openalex.org/I27357992|https://openalex.org/I27357992|https://openalex.org/I27357992,True|False|False|False|False|False,,0,https://openalex.org/I27357992|https://openalex.org/I137902535,Preference-based Deep Reinforcement Learning for Historical Route Estimation,https://doi.org/10.24963/ijcai.2024/955,,0.0,,False,en,False,closed,,,,,Legal Education and Practice Innovations,2024-07-26,2024,article
https://openalex.org/W4414359249,Baoxiang Pan|Yaoxin Wu|Zhiguang Cao|Yaqing Hou|Guangyu Zou|Qiang Zhang,https://openalex.org/A5009257121|https://openalex.org/A5059325642|https://openalex.org/A5021597928|https://openalex.org/A5044443092|https://openalex.org/A5083864266|https://openalex.org/A5043594354,https://orcid.org/0000-0002-3409-5568|https://orcid.org/0000-0002-3625-6599|https://orcid.org/0000-0002-4499-759X|https://orcid.org/0000-0002-9929-2650|https://orcid.org/0000-0003-1890-6874|https://orcid.org/0000-0003-0609-0337,CN|NL|SG|CN|CN|CN,Dalian University of Technology|Eindhoven University of Technology|Singapore Management University|Dalian University of Technology|Dalian University of Technology|Dalian University of Technology,https://openalex.org/I27357992|https://openalex.org/I83019370|https://openalex.org/I79891267|https://openalex.org/I27357992|https://openalex.org/I27357992|https://openalex.org/I27357992,True|False|False|False|False|False,,0,https://openalex.org/I27357992,Preference-based Deep Reinforcement Learning for Historical Route Estimation,https://doi.org/10.24963/ijcai.2025/955,,0.0,,False,en,False,closed,,,,,Traffic Prediction and Management Techniques,2025-09-01,2025,article
https://openalex.org/W7104612888,"Nourmohammadi, Zahra",,https://orcid.org/0000-0002-4463-3075,,,,True,cc-by,0,,Preference Learning and Human-Centric Optimization for Last-Mile Delivery Routing,https://doi.org/10.26190/unsworks/31776,,,,False,en,True,green,University of New South Wales,https://openalex.org/S7407053176,,repository,Vehicle Routing Optimization Methods,2025-01-01,2025,dissertation
https://openalex.org/W4405821781,Yongcheng Pan|Zhaoxin Zhou|Fangwei Zhang|Huan Ni|Rui Wang,https://openalex.org/A5058026632|https://openalex.org/A5101839144|https://openalex.org/A5106855783|https://openalex.org/A5036066589|https://openalex.org/A5016880052,https://orcid.org/0000-0001-5317-3675|https://orcid.org/0009-0001-5974-216X|https://orcid.org/0000-0001-5798-5662||https://orcid.org/0000-0003-4499-605X,CN|CN|CN|CN|CN,Shandong Jiaotong University|Shandong Jiaotong University|Shandong Jiaotong University|Shandong Jiaotong University|Shandong Jiaotong University,https://openalex.org/I4210099312|https://openalex.org/I4210099312|https://openalex.org/I4210099312|https://openalex.org/I4210099312|https://openalex.org/I4210099312,False|True|False|False|False,,0,https://openalex.org/I4210099312,A Novel Optimization Method for Vehicle Routing Problem with Fuzzy Time Windows through Intermediate Bulk Container Sharing under Fuzzy Demands Environment,https://doi.org/10.2174/0129503779353744241209110530,,0.0,,False,en,False,closed,Current Computer Science,https://openalex.org/S4389157624,2950-3779,journal,Transportation and Mobility Innovations,2024-12-26,2024,article
https://openalex.org/W4389948210,Eduardo Sánchez-Ansola|Alejandro Rosete Suárez|Isis Torres-Pérez,https://openalex.org/A5028268478|https://openalex.org/A5102978153|https://openalex.org/A5049484209,https://orcid.org/0000-0001-5977-1633|https://orcid.org/0000-0002-4579-3556|https://orcid.org/0000-0002-1079-8285,CU|CU|CU,Polytechnic José Antonio Echeverría|Polytechnic José Antonio Echeverría|Polytechnic José Antonio Echeverría,https://openalex.org/I908025542|https://openalex.org/I908025542|https://openalex.org/I908025542,True|False|False,,0,https://openalex.org/I908025542,Fuzzy Employees Shuttle Bus Routing Problem. A Practical Application,https://doi.org/10.1007/978-3-031-49552-6_1,,0.0,,False,en,False,closed,Lecture notes in computer science,https://openalex.org/S106296714,0302-9743,book series,Vehicle Routing Optimization Methods,2023-12-19,2023,book-chapter
https://openalex.org/W4389948210,Eduardo Sánchez-Ansola|Alejandro Rosete Suárez|Isis Torres-Pérez,https://openalex.org/A5028268478|https://openalex.org/A5102978153|https://openalex.org/A5049484209,https://orcid.org/0000-0001-5977-1633|https://orcid.org/0000-0002-4579-3556|https://orcid.org/0000-0002-1079-8285,CU|CU|CU,Polytechnic José Antonio Echeverría|Polytechnic José Antonio Echeverría|Polytechnic José Antonio Echeverría,https://openalex.org/I908025542|https://openalex.org/I908025542|https://openalex.org/I908025542,True|False|False,,0,https://openalex.org/I908025542,Fuzzy Employees Shuttle Bus Routing Problem. A Practical Application,https://doi.org/10.1007/978-3-031-49552-6_1,,0.0,,False,en,False,closed,Lecture notes in computer science,https://openalex.org/S106296714,0302-9743,book series,Vehicle Routing Optimization Methods,2023-12-19,2023,book-chapter
https://openalex.org/W7125489646,Yu Huang|Haochu Cui|Yue Lu|Yan Sun,https://openalex.org/A5001359020|https://openalex.org/A5123648384|https://openalex.org/A5123636437|https://openalex.org/A5087344137,https://orcid.org/0000-0002-9062-6239|||https://orcid.org/0000-0002-4704-5578,CN|CN|CN|CN,University of Jinan|Shandong University of Finance and Economics|National Development and Reform Commission|Shandong University of Finance and Economics,https://openalex.org/I34949971|https://openalex.org/I59483232|https://openalex.org/I1324363362|https://openalex.org/I59483232,False|False|False|True,cc-by,0,https://openalex.org/I59483232,Modeling a Reliable Intermodal Routing Problem for Emergency Materials in the Early Stage of Post-Disaster Recovery Under Uncertainty of Demand and Capacity,https://doi.org/10.3390/asi9020027,,,,False,en,True,gold,Applied System Innovation,https://openalex.org/S4210217229,2571-5577,journal,Facility Location and Emergency Management,2026-01-23,2026,article
https://openalex.org/W3080365307,Nihat Engin Toklu,https://openalex.org/A5082834046,,,,,True,,0,,Matheuristics for robust optimization: application to real-world problems,,,0.0,,False,en,False,closed,reroDoc Digital Library,https://openalex.org/S4306400148,,repository,Scheduling and Optimization Algorithms,2014-01-01,2014,article
https://openalex.org/W4411346030,Chaima Zormati|Tarik Chargui|Abdelghani Bekrar|Abdelhakim Artiba,https://openalex.org/A5118268048|https://openalex.org/A5023405464|https://openalex.org/A5044989257|https://openalex.org/A5108101168,|https://orcid.org/0000-0002-8579-2566|https://orcid.org/0000-0003-2721-1505|https://orcid.org/0000-0001-6382-6588,FR|FR|FR|FR,"Laboratoire d'Automatique, de Mécanique et d'Informatique Industrielles et Humaines|Université Polytechnique Hauts-de-France|Centre National de la Recherche Scientifique|Centre National de la Recherche Scientifique|Université Polytechnique Hauts-de-France|Laboratoire d'Automatique, de Mécanique et d'Informatique Industrielles et Humaines|Centre National de la Recherche Scientifique|Laboratoire d'Automatique, de Mécanique et d'Informatique Industrielles et Humaines|Université Polytechnique Hauts-de-France|Université Polytechnique Hauts-de-France|Centre National de la Recherche Scientifique|Laboratoire d'Automatique, de Mécanique et d'Informatique Industrielles et Humaines",https://openalex.org/I4210089617|https://openalex.org/I70348806|https://openalex.org/I1294671590|https://openalex.org/I1294671590|https://openalex.org/I70348806|https://openalex.org/I4210089617|https://openalex.org/I1294671590|https://openalex.org/I4210089617|https://openalex.org/I70348806|https://openalex.org/I70348806|https://openalex.org/I1294671590|https://openalex.org/I4210089617,True|False|False|False,cc-by,0,https://openalex.org/I1294671590|https://openalex.org/I4210089617|https://openalex.org/I70348806,Bi-Objective Optimization for Sustainable Logistics in the Closed-Loop Inventory Routing Problem,https://doi.org/10.3390/engproc2025097029,,0.0,,False,en,True,gold,,,,,Vehicle Routing Optimization Methods,2025-06-16,2025,article
https://openalex.org/W3048798265,CP Poo,https://openalex.org/A5012696281,,,,,True,,1,,Climate change adaptation for seaports and airports,https://doi.org/10.24377/ljmu.t.00013421,"Department for Environment, Food and Rural Affairs, UK Government|Liverpool John Moores University",0.0907499,,False,en,True,green,Liverpool John Moores University,https://openalex.org/S4306401246,,repository,Maritime Transport Emissions and Efficiency,2021-01-01,2021,dissertation
https://openalex.org/W7112517010,"Matos, Marina A.",,,,,,True,,0,,Minimizar o impacto dos incêndios florestais,,,,,False,en,False,closed,RepositóriUM (Universidade do Minho),https://openalex.org/S4306400624,,repository,Fire effects on ecosystems,2025-07-21,2025,dissertation
https://openalex.org/W7115974781,"Anisimov, Volodymyr|Ostashko, Ihor",|,|,|,,,True|False,,0,,Computer Modeling and Optimization of Complex Systems,,,0.0,,False,en,True,green,PhilPapers (PhilPapers Foundation),https://openalex.org/S4306402131,,repository,Adaptive Dynamic Programming Control,2025-01-01,2025,book
https://openalex.org/W4318994280,Amani Junaidi|Takashi Irohara,https://openalex.org/A5061288596|https://openalex.org/A5043924988,|https://orcid.org/0000-0003-2040-9703,JP|JP,Sophia University|Sophia University,https://openalex.org/I42999171|https://openalex.org/I42999171,True|False,,0,https://openalex.org/I42999171,Metaheuristics Based Profit-Oriented Optimization Model for the Hazardous Waste Location Routing Problem,https://doi.org/10.1007/978-3-031-18641-7_42,,0.0,,False,en,False,closed,Lecture notes in production engineering,https://openalex.org/S4210215724,2194-0525,book series,Facility Location and Emergency Management,2023-01-01,2023,book-chapter
https://openalex.org/W4414980409,Aryo Nugroho,https://openalex.org/A5061468794,https://orcid.org/0000-0002-6350-9088,ID,Universitas PGRI Semarang|Universitas PGRI Adi Buana Surabaya,https://openalex.org/I4210111884|https://openalex.org/I4387930225,True,cc-by,0,https://openalex.org/I4210111884|https://openalex.org/I4387930225,"Empowering Decision-Making through Big Data Analytics: A Narrative Review of Techniques, Tools, and Industrial Applications",https://doi.org/10.61978/digitus.v2i3.836,,0.0,,False,en,True,diamond,Digitus Journal of Computer Science Applications,https://openalex.org/S4390573742,3031-3244,journal,Big Data and Business Intelligence,2024-07-31,2024,article
https://openalex.org/W2914149840,Omid Boyer Hassani,https://openalex.org/A5021232692,,,,,True,,0,,Development of a fuzzy multi-objective mathematical model for hazardous waste location-routing problem,,,,,False,en,True,green,Universiti Putra Malaysia Institutional Repository (Universiti Putra Malaysia),https://openalex.org/S4377196260,,repository,Municipal Solid Waste Management,2014-11-01,2014,dissertation
https://openalex.org/W4415604945,Obinna Joshua Ochulor|Joshua Maduegbulam Umejuru,https://openalex.org/A5096171317|https://openalex.org/A5120080654,|,|,,,True|False,,0,,Logistics Optimization Model for Workforce Deployment During Global Disruptions,https://doi.org/10.54660/ijmer.2020.1.2.87-105,,,,False,,True,bronze,International Journal of Multidisciplinary Evolutionary Research,https://openalex.org/S5407047560,3051-3502,journal,,2020-01-01,2020,article
https://openalex.org/W2772322948,Rodrigo Lankaites Pinheiro,https://openalex.org/A5024741114,,,,,True,,0,,A computational study and heuristic algorithms for the home healthcare scheduling and routing problem,,,,,False,en,False,closed,Nottingham ePrints (University of Nottingham),https://openalex.org/S4377196364,,repository,Scheduling and Timetabling Solutions,2017-12-14,2017,dissertation
https://openalex.org/W4409079511,Jing Sun|Jing Sun,https://openalex.org/A5100429001|,https://orcid.org/0000-0002-1485-0247|,|,,,True|False,cc-by-nc,0,,Decision-making with cooperative multi-agent reinforcement learning,https://doi.org/10.32657/10356/183129,,,,False,en,True,green,,,,,Advanced Research in Systems and Signal Processing,2025-01-01,2025,dissertation
https://openalex.org/W2336422036,Raúl Pulido Martínez,https://openalex.org/A5019936271,,,,,True,cc-by-nc-nd,0,,Analysing the complexity of the model-based decision making processes within the industrial management context,https://doi.org/10.20868/upm.thesis.39672,Erasmus+|NIH Office of the Director,,,False,en,True,gold,,,,,Scheduling and Optimization Algorithms,2015-12-01,2015,dissertation
https://openalex.org/W2056401459,Emilio Corchado|Ajith Abraham|Pedro Antonio Gutiérrez|José M. Benítez|Sebastián Ventura,https://openalex.org/A5037077763|https://openalex.org/A5087542455|https://openalex.org/A5063964437|https://openalex.org/A5089237494|https://openalex.org/A5033238429,https://orcid.org/0000-0001-8560-3991|https://orcid.org/0000-0002-0169-6738|https://orcid.org/0000-0002-2657-776X|https://orcid.org/0000-0002-2346-0793|https://orcid.org/0000-0003-4216-6378,ES|CZ|US|ES|ES|ES,Universidad de Salamanca|VSB - Technical University of Ostrava|Machine Intelligence Research Labs|University of Córdoba|Universidad de Granada|University of Córdoba,https://openalex.org/I184999862|https://openalex.org/I142208455|https://openalex.org/I4210107658|https://openalex.org/I53110688|https://openalex.org/I173304897|https://openalex.org/I53110688,True|True|True|True|True,,0,https://openalex.org/I142208455|https://openalex.org/I173304897|https://openalex.org/I184999862|https://openalex.org/I4210107658|https://openalex.org/I53110688,Special issue: Advances in learning schemes for function approximation,https://doi.org/10.1016/j.neucom.2013.12.003,European Commission|Ministerio de Economía y Competitividad|Junta de Castilla y León,0.0,,False,en,False,closed,Neurocomputing,https://openalex.org/S45693802,0925-2312,journal,Fuzzy Logic and Control Systems,2014-01-03,2014,article
https://openalex.org/W2548469202,Fausto Molina‐Gómez|José Carlos,https://openalex.org/A5057801583|https://openalex.org/A5109508141,https://orcid.org/0000-0002-8831-0315|,|,,,True|False,,0,,Diseño y aplicación de una herramienta para la optimización de rutas de vehículos con aspectos medioambientales,,,,,False,es,False,closed,,,,,Vehicle emissions and performance,2016-07-18,2016,dissertation
https://openalex.org/W643044576,Ulrich Derigs|Achim Bachem|Andreas Drexl,https://openalex.org/A5043254346|https://openalex.org/A5029324547|https://openalex.org/A5069349935,||,||,,,True|False|False,,0,,"Operations Research Proceedings 1994: Selected Papers of the International Conference on Operations Research, Berlin, August 30 - September 2, 1994",https://doi.org/10.1007/978-3-642-79459-9,,0.0,,False,en,False,closed,,,,,Optimization and Packing Problems,1995-03-20,1995,book
